current_time,latitude,longitude,speed,miles,miles_lap,rtc,millis,rpm,input_voltage,motor_watt,motor_tempMosfet,motor_tempMotor,motor_current,battery_current,motor_dutyCycle,motor_error,rasp_temp,battery_ampere,battery_voltage,charge,battery_temperature,autonomy
12:57:58.040,43.73727,7.428015,0.0,0.4,0.0, ,3119083,-1.00,96.40,151.21,26.40,20.00,0.00,0.00,0.00,0.0,54,0.6,98.7,93.0,36,
12:57:58.546,43.73727,7.428015,0.0,0.4,0.0, ,3119589,0.00,96.40,151.21,26.40,20.00,0.00,0.00,0.00,0.0,54,0.6,98.7,93.0,36,
12:57:59.247,43.73727,7.428015,0.0,0.4,0.0, ,3120296,0.00,96.40,151.21,26.40,20.10,0.00,0.00,0.00,0.0,53,0.6,98.7,93.0,36,
12:57:59.763,43.73727,7.428015,0.0,0.4,0.0, ,3120801,1.00,96.40,151.21,26.40,20.00,0.00,0.00,0.00,0.0,53,0.6,98.7,93.0,36,
12:58:00.569,43.73727,7.428015,0.0,0.4,0.0, ,3121610,0.00,96.40,151.21,26.50,20.00,0.00,0.00,0.00,0.0,53,0.7,98.7,93.0,36,
12:58:01.208,43.73727,7.428015,0.0,0.4,0.0, ,3122216,0.00,96.40,151.21,26.40,20.00,0.00,0.00,0.00,0.0,52,0.8,98.7,93.0,36,
12:58:01.718,43.73727,7.428015,0.0,0.4,0.0, ,3122721,0.00,96.40,151.21,26.40,20.00,0.00,0.00,0.00,0.0,53,0.8,98.7,93.0,36,
12:58:02.290,43.73727,7.428015,0.0,0.4,0.0, ,3123328,0.00,96.40,151.21,26.40,20.00,0.00,0.00,0.00,0.0,54,0.8,98.7,93.0,36,
12:58:02.989,43.73727,7.428015,0.0,0.4,0.0, ,3124035,0.00,96.40,151.21,26.50,20.00,0.00,0.00,0.00,0.0,53,0.8,98.7,93.0,36,
12:58:03.798,43.73727,7.428015,0.0,0.4,0.0, ,3124843,0.00,96.40,151.21,26.40,20.00,0.00,0.00,0.00,0.0,53,0.8,98.7,93.0,36,
12:58:04.313,43.73727,7.428015,0.0,0.4,0.0, ,3125349,0.00,96.40,151.21,26.40,19.90,0.00,0.00,0.00,0.0,54,0.5,98.7,93.0,36,
12:58:04.820,43.73727,7.428015,0.0,0.4,0.0, ,3125854,1.00,96.40,151.21,26.40,20.10,0.00,0.00,-0.00,0.0,53,0.5,98.7,93.0,36,
12:58:05.458,43.73727,7.428015,0.0,0.4,0.0, ,3126460,1.00,96.40,151.21,26.50,20.00,0.00,0.00,0.00,0.0,53,0.6,98.7,93.0,36,
12:58:06.235,43.73727,7.428015,0.0,0.4,0.0, ,3127269,0.00,96.40,151.21,26.50,20.00,0.00,0.00,0.00,0.0,53,0.6,98.7,93.0,36,
12:58:06.742,43.73727,7.428015,0.0,0.4,0.0, ,3127774,-1.00,96.40,151.21,26.40,20.00,0.00,0.00,0.00,0.0,53,0.6,98.7,93.0,36,
12:58:07.347,43.73727,7.428015,0.0,0.4,0.0, ,3128380,0.00,96.40,151.21,26.40,20.00,0.00,0.00,0.00,0.0,54,0.6,98.7,93.0,36,
12:58:08.149,43.73727,7.428015,0.0,0.4,0.0, ,3129189,-1.00,96.40,151.21,26.40,20.10,0.00,0.00,0.00,0.0,53,0.7,98.7,93.0,36,
12:58:08.757,43.73727,7.428015,0.0,0.4,0.0, ,3129795,0.00,96.40,151.21,26.40,20.10,0.00,0.00,0.00,0.0,52,0.7,98.7,93.0,36,
12:58:09.271,43.73727,7.428015,0.0,0.4,0.0, ,3130300,0.00,96.40,151.21,26.40,20.10,0.00,0.00,0.00,0.0,53,0.7,98.7,93.0,36,
12:58:10.072,43.73727,7.428015,0.0,0.4,0.0, ,3131109,0.00,96.40,151.21,26.50,20.10,0.00,0.00,0.00,0.0,55,0.8,98.7,93.0,36,
12:58:10.577,43.73727,7.428015,0.0,0.4,0.0, ,3131614,0.00,96.40,151.21,26.50,20.00,0.00,0.00,0.00,0.0,53,0.8,98.7,93.0,36,
12:58:11.295,43.73727,7.428015,0.0,0.4,0.0, ,3132321,0.00,96.40,151.21,26.40,20.10,0.00,0.00,0.00,0.0,53,0.8,98.7,93.0,35,
12:58:11.799,43.73727,7.428015,0.0,0.4,0.0, ,3132826,0.00,96.40,151.21,26.40,20.10,0.00,0.00,0.00,0.0,54,0.8,98.7,93.0,36,
12:58:12.500,43.73727,7.428015,0.0,0.4,0.0, ,3133534,-1.00,96.40,151.21,26.50,20.00,0.00,0.00,0.00,0.0,53,0.9,98.7,93.0,36,
12:58:13.013,43.73727,7.428015,0.0,0.4,0.0, ,3134039,0.00,96.40,151.21,26.40,20.00,0.00,0.00,0.00,0.0,53,0.8,98.7,93.0,36,
12:58:13.823,43.73727,7.428015,0.0,0.4,0.0, ,3134848,0.00,96.40,151.21,26.40,20.00,0.00,0.00,0.00,0.0,53,0.7,98.7,93.0,36,
current_time,latitude,longitude,speed,miles,miles_lap,rtc,millis,rpm,input_voltage,motor_watt,motor_tempMosfet,motor_tempMotor,motor_current,battery_current,motor_dutyCycle,motor_error,rasp_temp,battery_ampere,battery_voltage,charge,battery_temperature,autonomy
12:58:54.902,43.73708,7.428334,4.2,0.4,0.0, ,3175830, , , , , , , , ,nan,52,11.4,98.5,93.0,35,
12:58:55.555,43.737095,7.428336,3.6,0.4,0.0, ,3176483, , , , , , , , ,nan,53,11.0,98.5,93.0,35,
12:58:56.206,43.737105,7.428334,4.3,0.4,0.0, ,3177133, , , , , , , , ,nan,52,10.8,98.5,93.0,35,
12:58:56.756,43.73712,7.428331,4.9,0.4,0.0, ,3177679, , , , , , , , ,nan,53,11.4,98.5,93.0,35,
12:58:57.416,43.737133,7.42833,5.2,0.4,0.0, ,3178337, , , , , , , , ,nan,51,11.5,98.5,93.0,35,
12:58:57.989,43.737151,7.428325,5.6,0.4,0.0, ,3178973,-4296.00,96.30,157.31,27.50,20.80,0.00,0.00,-0.09,0.0,53,0.5,98.6,93.0,35,
12:58:58.707,43.73717,7.42832,5.1,0.4,0.0, ,3179680,-3541.00,96.30,157.31,27.40,20.70,0.00,0.00,-0.07,0.0,53,0.5,98.7,93.0,35,
12:58:59.315,43.737178,7.428313,4.7,0.4,0.0, ,3180286,-2640.00,96.30,157.31,27.40,20.80,0.00,0.00,-0.05,0.0,52,0.4,98.7,93.0,35,
12:58:59.986,43.737186,7.428306,4.3,0.4,0.0, ,3180911, , , , , , , , ,nan,52,10.5,98.5,93.0,35,
12:59:00.523,43.7372,7.428296,4.2,0.4,0.0, ,3181446, , , , , , , , ,nan,52,11.9,98.5,93.0,35,
12:59:01.160,43.737209,7.42829,4.0,0.4,0.0, ,3182083, , , , , , , , ,nan,53,5.2,98.6,93.0,35,
12:59:01.797,43.737225,7.428285,4.0,0.4,0.0, ,3182720, , , , , , , , ,nan,52,4.3,98.6,93.0,35,
12:59:02.331,43.737233,7.42828,3.3,0.4,0.0, ,3183253, , , , , , , , ,nan,52,4.4,98.6,93.0,35,
12:59:02.972,43.737241,7.428278,3.0,0.4,0.0, ,3183893, , , , , , , , ,nan,52,3.9,98.6,93.0,35,
12:59:03.507,43.737253,7.428276,2.4,0.4,0.0, ,3184427, , , , , , , , ,nan,52,4.3,98.6,93.0,35,
12:59:04.148,43.737258,7.428275,1.8,0.4,0.0, ,3185067, , , , , , , , ,nan,51,4.0,98.6,93.0,35,
12:59:05.001,43.737265,7.428273,1.2,0.4,0.0, ,3185920, , , , , , , , ,nan,52,3.9,98.6,93.0,35,
12:59:05.642,43.737268,7.428275,1.2,0.4,0.0, ,3186560, , , , , , , , ,nan,53,3.7,98.6,93.0,35,
12:59:06.282,43.737271,7.428276,0.7,0.4,0.0, ,3187200, , , , , , , , ,nan,53,3.8,98.6,93.0,35,
12:59:06.817,43.737273,7.428278,0.7,0.4,0.0, ,3187733, , , , , , , , ,nan,52,3.2,98.6,93.0,35,
12:59:07.457,43.737275,7.428281,0.8,0.4,0.0, ,3188373, , , , , , , , ,nan,51,3.1,98.6,93.0,35,
12:59:08.098,43.737278,7.428286,1.0,0.4,0.1, ,3189013, , , , , , , , ,nan,53,3.6,98.6,93.0,35,
12:59:08.739,43.73728,7.42829,1.0,0.4,0.1, ,3189653, , , , , , , , ,nan,52,3.1,98.6,93.0,35,
12:59:09.379,43.737283,7.428293,0.9,0.4,0.1, ,3190293, , , , , , , , ,nan,51,2.9,98.6,93.0,35,
12:59:10.020,43.737285,7.428296,0.9,0.4,0.1, ,3190933, , , , , , , , ,nan,53,2.8,98.6,93.0,35,
12:59:10.662,43.737285,7.4283,1.0,0.4,0.1, ,3191572, , , , , , , , ,nan,53,3.3,98.6,93.0,35,
12:59:11.301,43.737286,7.428306,1.1,0.4,0.1, ,3192212, , , , , , , , ,nan,52,3.5,98.6,93.0,35,
12:59:11.834,43.737288,7.428311,1.4,0.4,0.1, ,3192744, , , , , , , , ,nan,53,4.1,98.6,93.0,35,
12:59:12.613,43.737291,7.428318,1.7,0.4,0.1, ,3193569,-936.00,96.40,158.14,27.40,21.00,0.00,0.00,-0.02,0.0,52,0.5,98.7,93.0,35,
12:59:13.216,43.737294,7.428325,1.5,0.4,0.1, ,3194175,-736.00,96.30,158.14,27.40,21.00,0.00,0.00,-0.01,0.0,53,0.4,98.7,93.0,35,
12:59:13.816,43.737298,7.42833,1.6,0.4,0.1, ,3194781,-626.00,96.30,158.14,27.40,21.00,0.00,0.00,-0.01,0.0,53,0.5,98.7,93.0,35,
12:59:14.381,43.737303,7.428331,1.3,0.4,0.1, ,3195290, , , , , , , , ,nan,51,2.7,98.6,93.0,35,
12:59:15.026,43.737306,7.428336,1.2,0.4,0.1, ,3195933, , , , , , , , ,nan,53,33.0,98.2,93.0,35,
12:59:15.684,43.737308,7.428341,1.1,0.4,0.1, ,3196587, , , , , , , , ,nan,53,132.5,96.6,93.0,35,
12:59:16.347,43.737301,7.428358,3.2,0.4,0.1, ,3197249, , , , , , , , ,nan,51,149.0,96.2,93.0,35,
12:59:17.013,43.737293,7.428386,6.2,0.4,0.1, ,3197912, , , , , , , , ,nan,52,165.5,95.9,93.0,35,
12:59:17.349,43.737285,7.4284,7.8,0.4,0.1, ,3198248, , , , , , , , ,nan,52,171.5,95.7,93.0,35,
12:59:18.008,43.73725,7.428441,12.0,0.4,0.1, ,3198908, , , , , , , , ,nan,53,179.3,95.6,93.0,35,
12:59:18.669,43.73722,7.428473,14.0,0.4,0.1, ,3199568, , , , , , , , ,nan,52,186.2,95.4,93.0,35,
12:59:19.332,43.737166,7.428521,16.8,0.4,0.1, ,3200232, , , , , , , , ,nan,53,188.5,95.4,93.0,35,
12:59:19.998,43.737111,7.428565,17.5,0.4,0.1, ,3200897, , , , , , , , ,nan,52,189.4,95.3,93.0,35,
12:59:20.664,43.737075,7.428593,17.5,0.4,0.1, ,3201561, , , , , , , , ,nan,52,189.4,95.3,93.0,35,
12:59:21.325,43.737015,7.428625,17.6,0.5,0.1, ,3202222, , , , , , , , ,nan,53,189.9,95.2,93.0,35,
12:59:21.991,43.736974,7.428639,17.4,0.5,0.1, ,3202886, , , , , , , , ,nan,51,176.1,95.4,93.0,35,
12:59:22.658,43.736916,7.42865,16.2,0.5,0.1, ,3203553, , , , , , , , ,nan,51,170.6,95.4,93.0,35,
12:59:23.318,43.73686,7.428643,16.0,0.5,0.1, ,3204212, , , , , , , , ,nan,52,177.5,95.4,93.0,35,
12:59:23.647,43.736841,7.428636,16.4,0.5,0.1, ,3204542, , , , , , , , ,nan,53,178.4,95.2,93.0,35,
12:59:24.311,43.736788,7.428613,15.5,0.5,0.1, ,3205204, , , , , , , , ,nan,52,179.3,95.3,93.0,35,
12:59:24.971,43.736748,7.428603,15.2,0.5,0.1, ,3205863, , , , , , , , ,nan,52,176.1,95.2,92.5,35,
12:59:25.631,43.736691,7.428603,15.4,0.5,0.1, ,3206523, , , , , , , , ,nan,52,179.8,95.2,92.5,35,
12:59:26.293,43.736628,7.428619,16.5,0.5,0.1, ,3207183, , , , , , , , ,nan,51,176.1,95.2,92.5,35,
12:59:26.849,43.736588,7.428628,16.5,0.5,0.1, ,3207740, , , , , , , , ,nan,53,183.9,95.1,92.5,35,
12:59:27.517,43.736531,7.428628,15.5,0.5,0.1, ,3208406, , , , , , , , ,nan,52,172.9,95.3,92.5,35,
12:59:28.177,43.736495,7.428621,15.5,0.5,0.1, ,3209067, , , , , , , , ,nan,53,179.3,95.1,92.5,35,
12:59:28.841,43.73644,7.4286,15.9,0.5,0.1, ,3209728, , , , , , , , ,nan,51,181.6,95.0,92.5,35,
12:59:29.510,43.736388,7.428578,14.5,0.5,0.1, ,3210396, , , , , , , , ,nan,51,168.8,95.3,92.5,35,
12:59:30.179,43.736355,7.428576,13.8,0.5,0.1, ,3211066, , , , , , , , ,nan,51,172.9,95.1,92.5,35,
12:59:30.841,43.73631,7.428594,14.2,0.5,0.1, ,3211726, , , , , , , , ,nan,52,176.6,95.1,92.5,35,
12:59:31.504,43.73626,7.428621,15.7,0.5,0.1, ,3212390, , , , , , , , ,nan,51,179.8,95.0,92.5,35,
12:59:31.833,43.736241,7.42863,16.1,0.5,0.1, ,3212719, , , , , , , , ,nan,52,177.5,95.1,92.5,35,
12:59:32.496,43.736188,7.428645,16.1,0.5,0.1, ,3213379, , , , , , , , ,nan,52,175.2,95.1,92.5,35,
12:59:33.157,43.736153,7.428643,16.1,0.5,0.1, ,3214042, , , , , , , , ,nan,52,159.1,95.3,92.5,35,
12:59:33.813,43.736103,7.42863,14.4,0.5,0.1, ,3214698, , , , , , , , ,nan,52,145.8,95.5,92.5,35,
12:59:34.470,43.736076,7.428614,12.8,0.5,0.1, ,3215353, , , , , , , , ,nan,51,141.7,95.5,92.5,35,
12:59:35.125,43.736051,7.428586,8.9,0.5,0.1, ,3216007, , , , , , , , ,nan,53,139.4,95.6,92.5,35,
12:59:35.781,43.736041,7.42855,6.9,0.5,0.1, ,3216663, , , , , , , , ,nan,52,142.2,95.5,92.5,35,
12:59:36.330,43.736039,7.428525,6.1,0.5,0.1, ,3217210, , , , , , , , ,nan,51,147.7,95.5,92.5,35,
12:59:36.986,43.736048,7.428501,5.0,0.5,0.1, ,3217867, , , , , , , , ,nan,51,152.7,95.4,92.5,35,
12:59:37.644,43.736066,7.42848,4.3,0.5,0.1, ,3218525, , , , , , , , ,nan,52,150.9,95.5,92.5,35,
12:59:38.327,43.736118,7.428466,8.9,0.5,0.1, ,3219180, , , , , , , , ,nan,52,148.6,95.5,92.0,35,
12:59:38.917,43.736145,7.428468,9.7,0.5,0.1, ,3219757, , , , , , , , ,nan,51,147.7,95.5,92.0,35,
12:59:39.521,43.736171,7.428478,10.6,0.5,0.1, ,3220355, , , , , , , , ,nan,52,157.3,95.3,92.0,35,
12:59:40.091,43.736223,7.428505,13.1,0.5,0.2, ,3220928, , , , , , , , ,nan,52,168.8,95.1,92.0,35,
12:59:40.673,43.736261,7.42853,14.1,0.5,0.2, ,3221544, , , , , , , , ,nan,52,165.1,95.1,92.0,35,
12:59:41.342,43.736311,7.428566,14.6,0.5,0.2, ,3222214, , , , , , , , ,nan,52,168.8,95.1,92.0,35,
12:59:42.009,43.73637,7.428601,14.3,0.5,0.2, ,3222879, , , , , , , , ,nan,51,163.3,95.2,92.0,35,
12:59:42.681,43.736405,7.428611,13.2,0.5,0.2, ,3223549, , , , , , , , ,nan,51,166.0,95.1,92.0,35,
12:59:43.344,43.736455,7.428605,14.5,0.5,0.2, ,3224216, , , , , , , , ,nan,51,173.3,95.0,92.0,35,
12:59:44.006,43.736506,7.428583,15.0,0.5,0.2, ,3224876, , , , , , , , ,nan,52,177.9,94.9,92.0,35,
12:59:44.669,43.736541,7.428578,14.7,0.5,0.2, ,3225538, , , , , , , , ,nan,52,171.1,95.1,92.0,35,
12:59:45.333,43.73659,7.428585,14.4,0.6,0.2, ,3226201, , , , , , , , ,nan,53,173.3,95.0,92.0,35,
12:59:45.994,43.73664,7.428603,15.6,0.6,0.2, ,3226863, , , , , , , , ,nan,51,178.4,94.9,92.0,35,
12:59:46.655,43.736678,7.428616,16.3,0.6,0.2, ,3227524, , , , , , , , ,nan,52,184.8,94.7,92.0,35,
12:59:46.989,43.736716,7.428623,16.6,0.6,0.2, ,3227855, , , , , , , , ,nan,52,181.6,94.8,92.0,35,
12:59:47.652,43.736753,7.428625,15.5,0.6,0.2, ,3228519, , , , , , , , ,nan,52,175.6,94.9,92.0,35,
12:59:48.313,43.736806,7.428616,16.3,0.6,0.2, ,3229178, , , , , , , , ,nan,52,181.6,94.8,92.0,35,
12:59:48.974,43.73685,7.42861,16.5,0.6,0.2, ,3229840, , , , , , , , ,nan,52,182.1,94.8,92.0,35,
12:59:49.643,43.736905,7.428606,15.7,0.6,0.2, ,3230507, , , , , , , , ,nan,52,163.3,95.0,92.0,35,
12:59:50.302,43.736948,7.428621,13.4,0.6,0.2, ,3231169, , , , , , , , ,nan,52,156.4,95.1,92.0,35,
12:59:50.856,43.736971,7.428643,13.0,0.6,0.2, ,3231720, , , , , , , , ,nan,52,159.6,95.1,91.5,35,
12:59:51.744,43.737018,7.428703,14.6,0.6,0.2, ,3232608, , , , , , , , ,nan,50,170.1,95.0,91.5,35,
12:59:52.078,43.737031,7.428718,14.6,0.6,0.2, ,3232940, , , , , , , , ,nan,52,172.4,94.9,91.5,35,
12:59:52.744,43.737059,7.428743,14.2,0.6,0.2, ,3233605, , , , , , , , ,nan,52,172.0,94.9,91.5,35,
12:59:53.402,43.737106,7.428771,15.4,0.6,0.2, ,3234265, , , , , , , , ,nan,53,77.0,96.3,91.5,35,
12:59:54.058,43.737151,7.428803,14.2,0.6,0.2, ,3234920, , , , , , , , ,nan,51,48.3,96.8,91.5,35,
12:59:54.715,43.737178,7.428826,13.3,0.6,0.2, ,3235576, , , , , , , , ,nan,52,38.1,97.0,91.5,35,
12:59:55.369,43.737216,7.42885,11.1,0.6,0.2, ,3236230, , , , , , , , ,nan,52,36.2,97.1,91.5,35,
12:59:56.008,43.737253,7.428865,10.5,0.6,0.2, ,3236870, , , , , , , , ,nan,52,32.7,97.2,91.5,35,
12:59:56.649,43.73727,7.428868,8.8,0.6,0.2, ,3237511, , , , , , , , ,nan,51,29.4,97.3,91.5,35,
12:59:57.290,43.73729,7.428865,6.8,0.6,0.2, ,3238151, , , , , , , , ,nan,51,26.6,97.3,91.5,35,
12:59:57.933,43.737301,7.428856,6.0,0.6,0.2, ,3238793, , , , , , , , ,nan,51,25.7,97.4,91.5,35,
12:59:58.576,43.737315,7.428841,5.0,0.6,0.2, ,3239435, , , , , , , , ,nan,52,24.9,97.4,91.5,35,
12:59:59.216,43.73732,7.428828,4.8,0.6,0.2, ,3240075, , , , , , , , ,nan,51,24.4,97.4,91.5,35,
12:59:59.859,43.737325,7.428811,4.0,0.6,0.2, ,3240717, , , , , , , , ,nan,51,23.2,97.5,91.5,35,
13:00:00.503,43.737325,7.428795,3.7,0.6,0.0, ,3241361, , , , , , , , ,nan,52,23.1,97.5,91.5,35,
13:00:01.148,43.737321,7.428783,3.8,0.6,0.0, ,3242006, , , , , , , , ,nan,52,22.2,97.5,91.5,35,
13:00:01.792,43.737315,7.42877,3.6,0.6,0.0, ,3242649, , , , , , , , ,nan,53,22.8,97.5,91.5,35,
13:00:02.435,43.737311,7.428763,2.7,0.6,0.0, ,3243291, , , , , , , , ,nan,51,22.2,97.6,91.5,35,
13:00:03.087,43.737308,7.428756,2.7,0.6,0.0, ,3243939, , , , , , , , ,nan,52,17.5,97.6,91.5,35,
13:00:03.742,43.737321,7.428758,3.2,0.6,0.0, ,3244594, , , , , , , , ,nan,52,16.4,97.7,91.5,35,
13:00:04.392,43.737315,7.428768,3.4,0.6,0.0, ,3245244, , , , , , , , ,nan,51,16.1,97.7,91.5,35,
13:00:05.038,43.737305,7.428776,3.8,0.6,0.0, ,3245891, , , , , , , , ,nan,51,17.8,97.7,91.5,35,
13:00:05.683,43.737298,7.428783,4.5,0.6,0.0, ,3246536, , , , , , , , ,nan,51,15.4,97.7,91.5,35,
13:00:06.300,43.737283,7.428793,5.2,0.6,0.0, ,3247153, , , , , , , , ,nan,51,0.9,98.0,91.5,35,
13:00:06.845,43.737271,7.428798,4.8,0.6,0.0, ,3247694, , , , , , , , ,nan,51,14.2,97.8,91.5,35,
13:00:07.491,43.737259,7.428805,4.5,0.6,0.0, ,3248343, , , , , , , , ,nan,51,7.5,97.9,91.5,35,
13:00:08.131,43.737243,7.428808,4.9,0.6,0.0, ,3248982, , , , , , , , ,nan,52,7.6,97.9,91.5,35,
13:00:08.770,43.737226,7.428806,4.6,0.6,0.0, ,3249620, , , , , , , , ,nan,51,7.1,97.9,91.5,35,
13:00:09.410,43.737216,7.428806,4.0,0.6,0.0, ,3250259, , , , , , , , ,nan,51,9.5,97.9,91.5,35,
13:00:10.050,43.737203,7.428803,3.5,0.6,0.0, ,3250898, , , , , , , , ,nan,52,11.6,97.8,91.5,35,
13:00:10.703,43.737193,7.428801,3.5,0.6,0.0, ,3251546, , , , , , , , ,nan,51,13.7,97.8,91.5,35,
13:00:11.357,43.737181,7.428796,3.5,0.6,0.0, ,3252203, , , , , , , , ,nan,51,15.2,97.8,91.5,35,
13:00:12.005,43.737168,7.428788,4.2,0.6,0.0, ,3252850, , , , , , , , ,nan,51,15.7,97.8,91.5,35,
13:00:12.648,43.737161,7.42878,5.0,0.6,0.0, ,3253494, , , , , , , , ,nan,51,16.3,97.8,91.5,35,
13:00:13.296,43.73715,7.428761,5.8,0.6,0.0, ,3254140, , , , , , , , ,nan,52,16.8,97.8,91.5,35,
13:00:13.832,43.73714,7.428746,5.9,0.6,0.0, ,3254676, , , , , , , , ,nan,51,16.6,97.8,91.5,35,
13:00:14.475,43.737131,7.428731,6.2,0.6,0.0, ,3255318, , , , , , , , ,nan,52,17.6,97.8,91.5,35,
13:00:15.010,43.737118,7.428706,6.4,0.6,0.0, ,3255853, , , , , , , , ,nan,51,17.8,97.8,91.5,35,
13:00:15.650,43.737109,7.428691,6.4,0.6,0.0, ,3256493, , , , , , , , ,nan,52,18.0,97.8,91.5,35,
13:00:16.292,43.7371,7.428663,6.8,0.6,0.0, ,3257135, , , , , , , , ,nan,52,18.3,97.8,91.5,35,
13:00:16.827,43.737095,7.428646,6.7,0.6,0.0, ,3257670, , , , , , , , ,nan,52,18.8,97.8,91.5,35,
13:00:17.470,43.737088,7.428628,6.7,0.6,0.0, ,3258310, , , , , , , , ,nan,53,18.6,97.8,91.5,35,
13:00:18.109,43.737076,7.4286,6.6,0.6,0.0, ,3258950, , , , , , , , ,nan,51,18.4,97.8,91.5,35,
13:00:18.751,43.737063,7.42858,6.6,0.6,0.0, ,3259590, , , , , , , , ,nan,51,17.9,97.8,91.5,35,
13:00:19.395,43.737051,7.428565,6.8,0.6,0.0, ,3260233, , , , , , , , ,nan,51,18.9,97.8,91.5,35,
13:00:20.255,43.73703,7.428521,6.8,0.6,0.0, ,3261091, , , , , , , , ,nan,51,18.8,97.8,91.5,35,
13:00:20.576,43.737023,7.428511,7.0,0.6,0.0, ,3261413, , , , , , , , ,nan,52,18.1,97.8,91.5,35,
13:00:21.223,43.737011,7.428495,6.7,0.6,0.0, ,3262058, , , , , , , , ,nan,52,18.1,97.8,91.5,35,
13:00:21.863,43.737,7.428466,6.7,0.6,0.0, ,3262700, , , , , , , , ,nan,51,18.6,97.8,91.5,35,
13:00:22.503,43.73699,7.428433,6.7,0.6,0.0, ,3263338, , , , , , , , ,nan,52,18.2,97.8,91.5,35,
13:00:23.146,43.736985,7.428408,6.6,0.6,0.0, ,3263982, , , , , , , , ,nan,51,13.6,97.9,91.5,35,
13:00:23.790,43.73698,7.428371,6.9,0.6,0.0, ,3264623, , , , , , , , ,nan,52,13.6,97.9,91.5,35,
13:00:24.431,43.736976,7.428346,6.9,0.6,0.0, ,3265264, , , , , , , , ,nan,51,24.8,97.6,91.5,35,
13:00:25.078,43.73697,7.428313,7.6,0.6,0.0, ,3265909, , , , , , , , ,nan,51,30.9,97.5,91.5,35,
13:00:25.731,43.736965,7.428288,8.7,0.6,0.0, ,3266561, , , , , , , , ,nan,52,43.4,97.4,91.5,35,
13:00:26.382,43.736956,7.428245,9.8,0.6,0.0, ,3267212, , , , , , , , ,nan,51,48.9,97.2,91.5,35,
13:00:27.034,43.736951,7.4282,9.1,0.6,0.0, ,3267862, , , , , , , , ,nan,51,50.5,97.2,91.5,35,
13:00:27.683,43.736955,7.428173,9.2,0.6,0.0, ,3268511, , , , , , , , ,nan,51,50.8,97.2,91.5,35,
13:00:28.333,43.736971,7.428128,9.6,0.6,0.0, ,3269160, , , , , , , , ,nan,51,39.3,97.4,91.5,35,
13:00:28.919,43.736985,7.428096,9.6,0.6,0.0, ,3269804,-8909.00,95.70,320.57,29.60,41.10,24.62,3.78,-0.17,0.0,52,10.5,97.9,91.5,35,
13:00:29.459,43.737006,7.428056,8.3,0.7,0.0, ,3270309,-6740.00,95.70,320.57,29.40,40.70,0.00,0.00,-0.13,0.0,52,0.9,98.0,91.5,35,
13:00:30.040,43.737021,7.428033,7.4,0.7,0.1, ,3270915,-5988.00,95.70,320.57,29.30,40.30,0.00,0.00,-0.12,0.0,52,0.9,98.0,91.5,35,
13:00:30.965,43.737046,7.428,5.8,0.7,0.1, ,3271824,-4733.00,95.70,320.57,29.00,40.30,0.00,0.00,-0.10,0.0,52,0.9,98.1,91.5,35,
13:00:31.557,43.737056,7.427986,5.1,0.7,0.1, ,3272430,-3886.00,95.70,320.57,28.90,40.20,0.00,0.00,-0.08,0.0,51,0.9,98.1,91.5,35,
13:00:32.062,43.737063,7.427976,4.5,0.7,0.1, ,3272935,-3634.00,95.70,320.57,28.80,40.20,0.00,0.00,-0.07,0.0,53,0.9,98.1,91.5,35,
13:00:32.707,43.737075,7.427963,4.1,0.7,0.1, ,3273541,-2879.00,95.80,320.57,28.70,40.10,0.00,0.00,-0.06,0.0,52,0.9,98.1,91.5,35,
13:00:33.281,43.737081,7.427955,3.7,0.7,0.1, ,3274148,-2480.00,95.80,320.57,28.60,40.10,0.00,0.00,-0.05,0.0,51,0.9,98.1,91.5,35,
13:00:33.881,43.737086,7.427948,3.4,0.7,0.1, ,3274754,-2160.00,95.80,320.57,28.60,40.10,0.00,0.00,-0.04,0.0,51,0.9,98.1,91.5,35,
13:00:34.719,43.737098,7.427935,2.7,0.7,0.1, ,3275563,-2130.00,95.80,320.57,28.50,40.10,0.00,0.00,-0.04,0.0,52,0.9,98.1,91.5,35,
13:00:35.291,43.737105,7.427925,2.6,0.7,0.1, ,3276169,-1851.00,95.80,320.57,28.40,40.10,0.00,0.00,-0.04,0.0,51,0.9,98.1,91.5,35,
13:00:35.805,43.737109,7.427918,2.0,0.7,0.1, ,3276674,-1204.00,95.80,320.57,28.30,40.10,0.00,0.00,-0.02,0.0,52,0.9,98.1,91.5,35,
13:00:36.505,43.737121,7.427905,2.1,0.7,0.1, ,3277381,-684.00,95.80,320.57,28.30,40.10,0.00,0.00,-0.01,0.0,52,0.9,98.1,91.5,35,
13:00:37.021,43.737125,7.4279,0.1,0.7,0.1, ,3277887,-910.00,95.80,320.57,28.20,40.00,0.00,0.00,-0.02,0.0,52,0.9,98.1,91.5,35,
13:00:37.627,43.73713,7.427891,0.1,0.7,0.1, ,3278493,-700.00,95.80,320.57,28.20,40.10,0.00,0.00,-0.01,0.0,52,0.9,98.1,91.5,35,
13:00:38.542,43.73714,7.427881,0.1,0.7,0.1, ,3279403,3.00,95.80,320.57,28.10,39.90,0.00,0.00,0.00,0.0,51,0.9,98.1,91.5,35,
13:00:39.146,43.737143,7.427878,0.1,0.7,0.1, ,3280009,0.00,95.80,320.57,28.10,39.80,0.00,0.00,0.00,0.0,52,0.9,98.1,91.5,35,
13:00:39.824,43.73715,7.427873,0.1,0.7,0.1, ,3280640, , , , , , , , ,nan,52,10.0,98.0,91.5,35,
13:00:40.299,43.737156,7.427866,0.1,0.7,0.1, ,3281163,-2267.00,95.80,320.69,28.10,39.80,0.00,0.00,-0.04,0.0,53,0.9,98.1,91.5,35,
13:00:40.810,43.737159,7.427863,0.1,0.7,0.1, ,3281669,-861.00,95.80,320.69,28.00,39.80,0.00,0.00,-0.01,0.0,51,0.9,98.1,91.5,35,
13:00:41.728,43.737163,7.42786,0.1,0.7,0.1, ,3282578,-25.00,95.80,320.69,28.00,39.60,0.00,0.00,0.00,0.0,51,0.9,98.1,91.5,35,
13:00:42.314,43.737165,7.427858,0.1,0.7,0.1, ,3283184,-1.00,95.80,320.69,27.90,39.60,0.00,0.00,-0.00,0.0,53,0.9,98.1,91.5,35,
13:00:42.827,43.737166,7.427858,0.1,0.7,0.1, ,3283690,-10.00,95.80,320.69,27.90,39.60,0.00,0.00,0.00,0.0,52,0.9,98.1,91.5,35,
13:00:43.459,43.73717,7.427858,0.1,0.7,0.1, ,3284296,-2.00,95.80,320.69,27.90,39.60,0.00,0.00,0.00,0.0,53,0.4,98.2,91.5,35,
13:00:44.044,43.73717,7.427856,0.1,0.7,0.1, ,3284902,-2.00,95.80,320.69,27.80,39.60,0.00,0.00,0.00,0.0,51,0.5,98.2,91.5,35,
13:00:44.742,43.737171,7.427856,0.1,0.7,0.1, ,3285610,1.00,95.80,320.69,27.80,39.40,0.00,0.00,0.00,0.0,52,0.5,98.2,91.5,35,
13:00:45.256,43.737173,7.427856,0.1,0.7,0.1, ,3286115,0.00,95.80,320.69,27.80,39.30,0.00,0.00,0.00,0.0,52,0.5,98.2,91.5,35,
13:00:45.932,43.737175,7.427855,0.0,0.7,0.1, ,3286740, , , , , , , , ,nan,52,3.2,98.1,91.5,35,
13:00:46.715,43.737176,7.427858,1.2,0.7,0.1, ,3287570,-837.00,95.80,320.73,27.80,39.40,0.00,0.00,-0.01,0.0,53,0.5,98.2,91.5,35,
13:00:47.220,43.737176,7.42786,1.4,0.7,0.1, ,3288075,-5.00,95.80,320.73,27.80,39.30,0.00,0.00,0.00,0.0,53,0.5,98.2,91.5,35,
13:00:48.036,43.737178,7.42786,1.1,0.7,0.1, ,3288884,0.00,95.80,320.73,27.80,39.20,0.00,0.00,0.00,0.0,52,0.5,98.2,91.5,35,
13:00:48.332,43.73718,7.427861,0.9,0.7,0.1, ,3289187,-3.00,95.80,320.73,27.80,39.30,0.00,0.00,0.00,0.0,54,0.5,98.2,91.5,35,
13:00:49.309,43.737181,7.427863,0.4,0.7,0.1, ,3290115, , , , , , , , ,nan,52,0.5,98.2,91.5,35,
13:00:49.717,43.737181,7.427863,0.5,0.7,0.1, ,3290533,-3452.00,95.90,320.81,27.80,39.20,0.00,0.00,-0.05,0.0,53,2.0,98.0,91.5,35,
13:00:50.582,43.737183,7.427865,1.1,0.7,0.1, ,3291442,-321.00,95.80,320.81,27.80,38.90,0.00,0.00,-0.00,0.0,52,0.5,98.2,91.5,35,
13:00:51.097,43.737185,7.427866,1.4,0.7,0.1, ,3291947,1.00,95.80,320.81,27.80,38.90,0.00,0.00,0.00,0.0,51,0.5,98.2,91.5,35,
13:00:51.704,43.737186,7.42787,1.1,0.7,0.1, ,3292553,0.00,95.80,320.81,27.80,38.90,0.00,0.00,0.00,0.0,53,0.5,98.2,91.5,35,
13:00:52.300,43.737186,7.427871,1.0,0.7,0.1, ,3293159,0.00,95.80,320.81,27.80,38.80,0.00,0.00,0.00,0.0,52,0.5,98.2,91.5,35,
13:00:52.968,43.737186,7.427873,1.0,0.7,0.1, ,3293769, , , , , , , , ,nan,51,0.8,98.2,91.5,35,
13:00:53.605,43.737188,7.427875,1.0,0.7,0.1, ,3294405, , , , , , , , ,nan,53,3.5,98.1,91.5,35,
13:00:54.201,43.73719,7.427875,0.2,0.7,0.1, ,3295043,2865.00,95.90,320.87,27.80,38.90,20.81,0.98,0.05,0.0,52,3.3,98.1,91.5,35,
13:00:54.855,43.73719,7.427875,0.3,0.7,0.1, ,3295653, , , , , , , , ,nan,52,0.6,98.2,91.5,35,
13:00:55.495,43.73719,7.427875,0.3,0.7,0.1, ,3296292, , , , , , , , ,nan,52,10.0,98.0,91.5,35,
13:00:56.261,43.737191,7.427875,0.2,0.7,0.1, ,3297106,-1.00,95.90,320.94,27.90,38.50,0.00,0.00,0.00,0.0,52,0.5,98.2,91.5,35,
13:00:56.858,43.737191,7.427873,0.6,0.7,0.1, ,3297712,0.00,95.90,320.94,27.90,38.50,0.00,0.00,0.00,0.0,52,0.4,98.2,91.5,35,
13:00:57.365,43.737191,7.427871,0.7,0.7,0.1, ,3298217,0.00,95.90,320.94,27.80,38.40,0.00,0.00,0.00,0.0,52,0.5,98.2,91.5,35,
13:00:58.081,43.737191,7.42787,0.4,0.7,0.1, ,3298924,0.00,95.80,320.94,27.80,38.50,0.00,0.00,0.00,0.0,52,0.5,98.2,91.5,35,
13:00:58.707,43.737191,7.427868,0.4,0.7,0.1, ,3299530,0.00,95.90,320.94,27.80,38.50,0.00,0.00,0.00,0.0,53,0.5,98.2,91.5,35,
13:00:59.245,43.737191,7.427866,0.3,0.7,0.1, ,3300039, , , , , , , , ,nan,52,1.1,98.2,91.5,35,
13:00:59.884,43.737191,7.427866,0.4,0.7,0.0, ,3300677, , , , , , , , ,nan,53,1.5,98.2,91.5,35,
13:01:00.725,43.737193,7.427863,0.7,0.7,0.0, ,3301528,5727.00,95.80,321.05,27.90,38.70,77.89,9.05,0.09,0.0,52,22.2,97.9,91.5,35,
13:01:03.821,43.737193,7.427848,0.8,0.7,0.0, ,3304659,0.00,95.90,321.05,27.90,38.00,0.00,0.00,0.00,0.0,52,0.4,98.2,91.5,35,
13:01:04.458,43.737193,7.427846,0.9,0.7,0.0, ,3305265,0.00,95.90,321.05,27.90,38.10,0.00,0.00,0.00,0.0,52,0.4,98.2,91.5,35,
13:01:04.894,43.737194,7.427845,1.1,0.7,0.0, ,3305679, , , , , , , , ,nan,53,1.4,98.2,91.5,35,
13:01:05.477,43.737196,7.427841,0.5,0.7,0.0, ,3306319,3177.00,95.90,321.09,27.90,38.00,5.18,0.33,0.04,0.0,52,4.8,98.1,91.5,35,
13:01:06.327,43.737196,7.427841,0.8,0.7,0.0, ,3307161,5296.00,95.80,321.26,28.00,38.10,41.28,4.48,0.08,0.0,51,13.0,98.0,91.5,35,
13:01:06.834,43.737196,7.427838,0.0,0.7,0.0, ,3307666,1387.00,95.90,321.26,28.00,37.80,0.00,0.00,0.03,0.0,53,0.5,98.2,91.5,35,
13:01:07.459,43.737196,7.427836,0.1,0.7,0.0, ,3308272,584.00,95.90,321.26,28.00,37.70,0.00,0.00,0.01,0.0,52,0.5,98.2,91.5,35,
13:01:08.351,43.7372,7.427833,0.0,0.7,0.0, ,3309182,6.00,95.90,321.26,27.90,37.70,0.00,0.00,0.00,0.0,52,0.5,98.2,91.5,35,
13:01:08.746,43.7372,7.427831,0.1,0.7,0.0, ,3309586,5.00,95.90,321.26,27.90,37.60,0.00,0.00,0.00,0.0,53,0.5,98.2,91.5,35,
13:01:09.429,43.737201,7.42783,0.0,0.7,0.0, ,3310211, , , , , , , , ,nan,52,0.7,98.2,91.5,35,
13:01:10.068,43.737201,7.42783,0.0,0.7,0.0, ,3310848, , , , , , , , ,nan,52,4.2,98.1,91.5,35,
13:01:10.707,43.737201,7.42783,0.0,0.7,0.0, ,3311488, , , , , , , , ,nan,53,4.6,98.1,91.5,35,
13:01:11.491,43.737201,7.42783,0.0,0.7,0.0, ,3312312,4.00,95.90,321.35,28.00,37.50,0.00,0.00,0.00,0.0,52,0.5,98.2,91.5,35,
13:01:12.091,43.737201,7.42783,0.0,0.7,0.0, ,3312918,4.00,95.90,321.35,27.90,37.20,0.00,0.00,0.00,0.0,53,0.4,98.2,91.5,35,
13:01:12.598,43.737201,7.42783,0.0,0.7,0.0, ,3313424,0.00,95.90,321.35,27.90,37.30,0.00,0.00,0.00,0.0,51,0.5,98.2,91.5,35,
13:01:13.210,43.737201,7.42783,0.0,0.7,0.0, ,3314030,0.00,95.90,321.35,27.90,37.00,0.00,0.00,0.00,0.0,52,0.5,98.2,91.5,35,
13:01:14.014,43.737201,7.42783,0.0,0.7,0.0, ,3314838,2.00,95.90,321.35,27.90,37.20,0.00,0.00,0.00,0.0,52,0.5,98.2,91.5,35,
13:01:14.613,43.7372,7.427828,0.0,0.7,0.0, ,3315445,0.00,95.90,321.35,27.90,37.30,0.00,0.00,0.00,0.0,52,0.5,98.2,91.5,35,
13:01:15.129,43.7372,7.427828,0.0,0.7,0.0, ,3315950,0.00,95.90,321.35,27.90,37.00,0.00,0.00,0.00,0.0,52,0.4,98.2,91.5,35,
13:01:15.963,43.7372,7.427828,0.0,0.7,0.0, ,3316758,0.00,95.90,321.35,27.90,37.10,0.00,0.00,0.00,0.0,52,0.5,98.2,91.5,35,
13:01:16.597,43.7372,7.427828,0.0,0.7,0.0, ,3317369, , , , , , , , ,nan,53,1.0,98.2,91.5,35,
13:01:17.123,43.7372,7.427828,0.0,0.7,0.0, ,3317894, , , , , , , , ,nan,53,5.4,98.1,91.5,35,
13:01:17.880,43.7372,7.427828,0.0,0.7,0.0, ,3318708,-10.00,95.90,321.39,27.90,37.00,0.00,0.00,0.00,0.0,53,0.5,98.2,91.5,35,
13:01:18.385,43.7372,7.427828,0.0,0.7,0.0, ,3319213,-1.00,95.90,321.39,27.90,36.80,0.00,0.00,0.00,0.0,53,0.6,98.2,91.5,35,
13:01:19.102,43.7372,7.427828,0.0,0.7,0.0, ,3319920,-4.00,95.90,321.39,27.90,36.80,0.00,0.00,0.00,0.0,53,0.6,98.2,91.5,35,
13:01:19.608,43.7372,7.427828,0.0,0.7,0.0, ,3320426,-5.00,95.90,321.39,27.80,36.50,0.00,0.00,0.00,0.0,53,0.6,98.2,91.5,35,
13:01:20.214,43.7372,7.427828,0.0,0.7,0.0, ,3321032,-5.00,95.90,321.39,27.80,36.60,0.00,0.00,0.00,0.0,52,0.6,98.2,91.5,35,
13:01:20.828,43.7372,7.427828,0.0,0.7,0.0, ,3321638,-1.00,95.90,321.39,27.80,36.50,0.00,0.00,0.00,0.0,53,0.6,98.2,91.5,35,
13:01:21.634,43.737198,7.427828,0.0,0.7,0.0, ,3322447,-4.00,95.90,321.39,27.80,36.30,0.00,0.00,0.00,0.0,52,0.6,98.2,91.5,35,
13:01:22.229,43.737198,7.427828,0.0,0.7,0.0, ,3323053,-1.00,95.90,321.39,27.70,36.30,0.00,0.00,-0.00,0.0,52,0.7,98.2,91.5,35,
13:01:22.746,43.737196,7.427828,0.0,0.7,0.0, ,3323558,1.00,95.90,321.39,27.70,36.30,0.00,0.00,0.00,0.0,53,0.5,98.2,91.5,35,
13:01:23.355,43.737196,7.427828,0.0,0.7,0.0, ,3324165,0.00,95.90,321.39,27.70,36.40,0.00,0.00,0.00,0.0,53,0.5,98.2,91.5,35,
13:01:24.253,43.737194,7.427828,0.1,0.7,0.0, ,3325074,0.00,95.90,321.39,27.70,36.10,0.00,0.00,0.00,0.0,53,0.5,98.2,91.5,35,
13:01:24.768,43.737194,7.427828,0.0,0.7,0.0, ,3325579,0.00,95.90,321.39,27.70,36.20,0.00,0.00,0.00,0.0,52,0.6,98.2,91.5,35,
13:01:25.274,43.737194,7.427828,0.0,0.7,0.0, ,3326085,0.00,95.90,321.39,27.60,36.10,0.00,0.00,0.00,0.0,52,0.6,98.2,91.5,35,
13:01:25.881,43.737194,7.427828,0.0,0.7,0.0, ,3326691,0.00,95.90,321.39,27.60,36.00,0.00,0.00,0.00,0.0,52,0.6,98.2,91.5,35,
13:01:26.658,43.737194,7.427828,0.0,0.7,0.0, ,3327419, , , , , , , , ,nan,51,1.7,98.2,91.5,35,
13:01:27.297,43.737194,7.427828,0.0,0.7,0.0, ,3328058, , , , , , , , ,nan,52,6.2,98.1,91.5,35,
13:01:28.077,43.737193,7.427826,0.0,0.7,0.0, ,3328880,-736.00,95.90,321.48,27.70,36.00,0.00,0.00,-0.01,0.0,52,0.6,98.2,91.5,35,
13:01:28.710,43.737194,7.427828,0.0,0.7,0.0, ,3329487,0.00,95.90,321.48,27.60,35.70,0.00,0.00,0.00,0.0,53,0.7,98.2,91.5,35,
13:01:29.224,43.737193,7.427828,0.0,0.7,0.0, ,3329992,3.00,95.90,321.48,27.60,35.80,0.00,0.00,0.00,0.0,52,0.7,98.2,91.5,35,
13:01:29.995,43.737193,7.427826,0.0,0.7,0.0, ,3330800,-3.00,95.90,321.48,27.60,35.70,0.00,0.00,0.00,0.0,53,0.8,98.2,91.5,35,
13:01:30.605,43.737193,7.427826,0.0,0.7,0.0, ,3331407,-9.00,95.90,321.48,27.60,35.80,0.00,0.00,0.00,0.0,53,0.8,98.2,91.5,35,
13:01:31.212,43.737193,7.427826,0.0,0.7,0.0, ,3332013,-2.00,95.90,321.48,27.60,35.50,0.00,0.00,0.00,0.0,52,0.5,98.2,91.5,35,
13:01:31.727,43.737191,7.427826,0.1,0.7,0.0, ,3332518,0.00,95.90,321.48,27.50,35.40,0.00,0.00,0.00,0.0,52,0.5,98.2,91.5,35,
13:01:32.629,43.73719,7.427826,0.0,0.7,0.0, ,3333428,0.00,95.90,321.48,27.50,35.30,0.00,0.00,0.00,0.0,53,0.5,98.2,91.5,35,
13:01:33.234,43.737188,7.427826,0.4,0.7,0.0, ,3334034,0.00,95.90,321.48,27.50,35.40,0.00,0.00,0.00,0.0,53,0.6,98.2,91.5,35,
13:01:33.844,43.737188,7.427828,0.5,0.7,0.0, ,3334640,0.00,95.90,321.48,27.50,35.20,0.00,0.00,0.00,0.0,52,0.6,98.2,91.5,35,
13:01:34.467,43.737186,7.427828,0.1,0.7,0.0, ,3335247,0.00,95.90,321.48,27.50,35.30,0.00,0.00,0.00,0.0,52,0.6,98.2,91.5,35,
13:01:35.055,43.737186,7.427828,0.4,0.7,0.0, ,3335853,0.00,95.90,321.48,27.50,35.20,0.00,0.00,0.00,0.0,52,0.6,98.2,91.5,35,
13:01:35.560,43.737185,7.427828,0.4,0.7,0.0, ,3336358,0.00,95.90,321.48,27.40,35.20,0.00,0.00,0.00,0.0,52,0.6,98.2,91.5,35,
13:01:36.207,43.737183,7.427828,0.0,0.7,0.0, ,3336965,0.00,95.90,321.48,27.40,35.00,0.00,0.00,0.00,0.0,52,0.7,98.2,91.5,35,
13:01:36.976,43.737183,7.427828,0.3,0.7,0.0, ,3337773,0.00,95.90,321.48,27.40,35.00,0.00,0.00,0.00,0.0,52,0.7,98.2,91.5,35,
13:01:37.589,43.737183,7.427828,0.0,0.7,0.0, ,3338379,-1.00,95.90,321.48,27.40,34.90,0.00,0.00,0.00,0.0,51,0.7,98.2,91.5,35,
13:01:38.093,43.737183,7.427828,0.0,0.7,0.0, ,3338885,0.00,95.90,321.48,27.40,35.10,0.00,0.00,0.00,0.0,51,0.8,98.2,91.5,35,
13:01:39.002,43.737183,7.427828,0.0,0.7,0.0, ,3339794,-2.00,95.90,321.48,27.40,34.90,0.00,0.00,0.00,0.0,53,0.6,98.2,91.5,35,
13:01:39.607,43.737183,7.427828,0.0,0.7,0.0, ,3340400,0.00,95.90,321.48,27.40,34.80,0.00,0.00,0.00,0.0,52,0.6,98.2,91.5,35,
13:01:40.226,43.737183,7.427828,0.0,0.7,0.0, ,3341007,0.00,95.90,321.48,27.40,34.80,0.00,0.00,0.00,0.0,53,0.6,98.2,91.5,35,
13:01:40.823,43.737183,7.427828,0.0,0.7,0.0, ,3341613,0.00,95.90,321.48,27.30,34.70,0.00,0.00,0.00,0.0,53,0.5,98.2,91.5,35,
13:01:41.329,43.737183,7.427828,0.1,0.7,0.0, ,3342118,1.00,95.90,321.48,27.30,34.60,0.00,0.00,0.00,0.0,52,0.5,98.2,91.5,35,
13:01:42.230,43.737183,7.427828,0.0,0.7,0.0, ,3343028,1.00,95.90,321.48,27.30,34.70,0.00,0.00,0.00,0.0,52,0.6,98.2,91.5,35,
13:01:42.744,43.737183,7.427828,0.0,0.7,0.0, ,3343533,1.00,95.90,321.48,27.40,34.60,0.00,0.00,0.00,0.0,53,0.5,98.2,91.5,35,
13:01:43.250,43.737183,7.427828,0.0,0.7,0.0, ,3344038,-2.00,95.90,321.48,27.30,34.50,0.00,0.00,0.00,0.0,53,0.6,98.2,91.5,35,
13:01:44.060,43.737183,7.427828,0.0,0.7,0.0, ,3344847,0.00,95.90,321.48,27.30,34.30,0.00,0.00,0.00,0.0,53,0.6,98.2,91.5,35,
13:01:44.760,43.737183,7.427828,0.0,0.7,0.0, ,3345554,0.00,95.90,321.48,27.30,34.30,0.00,0.00,0.00,0.0,52,0.6,98.2,91.5,35,
13:01:45.265,43.737183,7.427828,0.1,0.7,0.0, ,3346059,0.00,95.90,321.48,27.30,34.50,0.00,0.00,0.00,0.0,52,0.5,98.2,91.5,35,
13:01:45.780,43.737183,7.427828,0.0,0.7,0.0, ,3346565,0.00,95.90,321.48,27.30,34.40,0.00,0.00,0.00,0.0,52,0.5,98.2,91.5,35,
13:01:46.716,43.737183,7.427828,0.0,0.7,0.0, ,3347474,0.00,95.90,321.48,27.30,34.20,0.00,0.00,0.00,0.0,52,0.6,98.2,91.5,35,
13:01:47.298,43.737183,7.427828,0.0,0.7,0.0, ,3348080,0.00,95.90,321.48,27.30,34.10,0.00,0.00,0.00,0.0,53,0.5,98.2,91.5,35,
13:01:47.602,43.737183,7.427828,0.0,0.7,0.0, ,3348384,0.00,95.90,321.48,27.30,34.10,0.00,0.00,0.00,0.0,52,0.5,98.2,91.5,35,
13:01:48.503,43.737183,7.427828,0.0,0.7,0.0, ,3349293,0.00,95.90,321.48,27.30,34.10,0.00,0.00,0.00,0.0,52,0.4,98.2,91.5,35,
13:01:49.020,43.737183,7.427828,0.0,0.7,0.0, ,3349798,1.00,95.90,321.48,27.30,34.00,0.00,0.00,0.00,0.0,52,0.4,98.2,91.5,35,
13:01:49.830,43.737183,7.427828,0.0,0.7,0.0, ,3350607,0.00,95.90,321.48,27.30,34.10,0.00,0.00,0.00,0.0,53,0.5,98.2,91.5,35,
13:01:50.435,43.737183,7.427828,0.0,0.7,0.0, ,3351222,83.00,95.90,321.48,27.30,34.50,-9.97,0.00,0.00,0.0,52,1.0,98.2,91.5,35,
13:01:50.968,43.737183,7.427828,0.0,0.7,0.0, ,3351742,0.00,95.90,321.48,27.30,34.40,16.28,0.01,-0.00,0.0,51,1.4,98.2,91.5,35,
13:01:51.805,43.737183,7.427828,0.0,0.7,0.0, ,3352579,-4842.00,95.80,321.53,27.30,34.30,80.06,7.24,-0.09,0.0,53,10.9,98.1,91.5,35,
13:01:52.259,43.737183,7.427828,0.0,0.7,0.0, ,3352987, , , , , , , , ,nan,52,0.6,98.2,91.5,35,
13:01:53.028,43.737183,7.427828,0.0,0.7,0.0, ,3353802,-245.00,95.90,321.55,27.40,33.70,0.00,0.00,-0.00,0.0,53,0.5,98.2,91.5,35,
13:01:53.534,43.737183,7.427828,0.0,0.7,0.0, ,3354307,19.00,95.90,321.55,27.40,33.80,0.00,0.00,0.00,0.0,53,0.5,98.2,91.5,35,
13:01:54.347,43.737183,7.427828,0.0,0.7,0.0, ,3355115,1.00,95.90,321.55,27.40,33.80,0.00,0.00,0.00,0.0,53,0.6,98.2,91.5,35,
13:01:54.849,43.737183,7.427828,0.1,0.7,0.0, ,3355621,-2.00,95.90,321.55,27.40,33.60,0.00,0.00,0.00,0.0,53,0.6,98.2,91.5,35,
13:01:55.465,43.737183,7.427828,0.1,0.7,0.0, ,3356227,0.00,95.90,321.55,27.30,33.60,0.00,0.00,0.00,0.0,52,0.6,98.2,91.5,35,
13:01:56.063,43.737183,7.427828,0.2,0.7,0.0, ,3356833,0.00,95.90,321.55,27.30,33.50,0.00,0.00,0.00,0.0,52,0.6,98.2,91.5,35,
13:01:56.762,43.737183,7.427828,0.0,0.7,0.0, ,3357541,0.00,95.90,321.55,27.30,33.50,0.00,0.00,0.00,0.0,53,0.7,98.2,91.5,35,
13:01:57.276,43.737183,7.427828,0.1,0.7,0.0, ,3358046,-2.00,95.90,321.55,27.30,33.50,0.00,0.00,0.00,0.0,53,0.7,98.2,91.5,35,
13:01:58.178,43.737183,7.427828,0.1,0.7,0.0, ,3358955,1.00,95.90,321.55,27.30,33.40,0.00,0.00,0.00,0.0,52,0.7,98.2,91.5,35,
13:01:58.708,43.737183,7.427828,0.0,0.7,0.0, ,3359461,0.00,95.90,321.55,27.30,33.30,0.00,0.00,0.00,0.0,53,0.7,98.2,91.5,35,
13:01:59.226,43.737183,7.427828,0.0,0.7,0.0, ,3359966,0.00,95.90,321.55,27.30,33.20,0.00,0.00,0.00,0.0,53,0.8,98.2,91.5,35,
13:02:00.008,43.737183,7.427828,0.0,0.7,0.0, ,3360774,0.00,95.90,321.55,27.30,33.10,0.00,0.00,0.00,0.0,53,0.8,98.2,91.5,35,
13:02:00.617,43.737183,7.427828,0.0,0.7,0.0, ,3361381,0.00,95.90,321.55,27.20,33.10,0.00,0.00,0.00,0.0,53,0.8,98.2,91.5,35,
13:02:01.228,43.737183,7.427828,0.0,0.7,0.0, ,3361987,0.00,95.90,321.55,27.20,33.20,0.00,0.00,0.00,0.0,53,0.6,98.2,91.5,35,
13:02:01.832,43.737183,7.427828,0.0,0.7,0.0, ,3362593,0.00,95.90,321.55,27.20,33.00,0.00,0.00,0.00,0.0,53,0.6,98.2,91.5,35,
13:02:02.641,43.737183,7.427828,0.0,0.7,0.0, ,3363402,0.00,95.90,321.55,27.20,33.00,0.00,0.00,0.00,0.0,53,0.7,98.2,91.5,35,
13:02:03.147,43.737183,7.427828,0.0,0.7,0.0, ,3363907,0.00,95.90,321.55,27.20,33.00,0.00,0.00,0.00,0.0,52,0.7,98.2,91.5,35,
13:02:03.753,43.737183,7.427828,0.0,0.7,0.0, ,3364513,0.00,95.90,321.55,27.20,32.90,0.00,0.00,0.00,0.0,54,0.6,98.2,91.5,35,
13:02:04.563,43.737183,7.427828,0.0,0.7,0.0, ,3365322,0.00,95.90,321.55,27.20,32.90,0.00,0.00,0.00,0.0,52,0.6,98.2,91.5,35,
13:02:04.868,43.737183,7.427828,0.0,0.7,0.0, ,3365625,0.00,95.90,321.55,27.20,32.70,0.00,0.00,0.00,0.0,53,0.7,98.2,91.5,35,
13:02:05.775,43.737183,7.427828,0.0,0.7,0.0, ,3366534,0.00,95.90,321.55,27.20,32.60,0.00,0.00,0.00,0.0,52,0.5,98.2,91.5,35,
13:02:06.384,43.737183,7.427828,0.0,0.7,0.0, ,3367141,0.00,95.90,321.55,27.20,32.70,0.00,0.00,0.00,0.0,53,0.5,98.2,91.5,35,
13:02:06.981,43.737183,7.427828,0.0,0.7,0.0, ,3367747,1.00,95.90,321.55,27.20,32.70,0.00,0.00,0.00,0.0,52,0.6,98.2,91.5,35,
13:02:07.803,43.737183,7.427828,0.0,0.7,0.0, ,3368555,0.00,95.90,321.55,27.20,32.70,0.00,0.00,0.00,0.0,52,0.4,98.2,91.5,35,
13:02:08.106,43.737183,7.427828,0.0,0.7,0.0, ,3368858,0.00,95.90,321.55,27.20,32.60,0.00,0.00,0.00,0.0,53,0.4,98.2,91.5,35,
13:02:09.014,43.737183,7.427828,0.0,0.7,0.0, ,3369768,-3.00,95.90,321.55,27.20,32.50,0.00,0.00,0.00,0.0,52,0.5,98.2,91.5,35,
13:02:09.619,43.737183,7.427828,0.0,0.7,0.0, ,3370374,1.00,95.90,321.55,27.20,32.50,0.00,0.00,0.00,0.0,53,0.5,98.2,91.5,35,
13:02:10.219,43.737183,7.427828,0.0,0.7,0.0, ,3370981,0.00,95.90,321.55,27.20,32.40,0.00,0.00,0.00,0.0,52,0.4,98.2,91.5,35,
13:02:10.735,43.737183,7.427828,0.0,0.7,0.0, ,3371486,0.00,95.90,321.55,27.20,32.50,0.00,0.00,0.00,0.0,53,0.5,98.2,91.5,35,
13:02:11.340,43.737183,7.427828,0.0,0.7,0.0, ,3372092,1.00,95.90,321.55,27.20,32.30,0.00,0.00,0.00,0.0,53,0.4,98.2,91.5,35,
13:02:12.243,43.737183,7.427828,0.0,0.7,0.0, ,3373002,0.00,95.90,321.55,27.20,32.30,0.00,0.00,0.00,0.0,52,0.4,98.2,91.5,35,
13:02:12.758,43.737183,7.427828,0.0,0.7,0.0, ,3373507,0.00,95.90,321.55,27.20,32.40,0.00,0.00,0.00,0.0,53,0.4,98.2,91.5,35,
13:02:13.367,43.737183,7.427828,0.0,0.7,0.0, ,3374113,1.00,95.90,321.55,27.20,32.20,0.00,0.00,0.00,0.0,51,0.5,98.2,91.5,35,
13:02:13.963,43.737183,7.427828,0.0,0.7,0.0, ,3374720,0.00,95.90,321.55,27.20,32.30,0.00,0.00,-0.00,0.0,52,0.5,98.2,91.5,35,
13:02:14.772,43.737183,7.427828,0.0,0.7,0.0, ,3375528,0.00,95.90,321.55,27.20,32.10,0.00,0.00,-0.00,0.0,51,0.5,98.2,91.5,35,
13:02:15.277,43.737183,7.427828,0.0,0.7,0.0, ,3376033,-2.00,95.90,321.55,27.20,32.10,0.00,0.00,0.00,0.0,53,0.5,98.2,91.5,35,
13:02:16.103,43.737183,7.427828,0.0,0.7,0.0, ,3376842,0.00,95.90,321.55,27.20,31.90,0.00,0.00,0.00,0.0,52,0.4,98.2,91.5,35,
13:02:16.726,43.737183,7.427828,0.0,0.7,0.0, ,3377448,-1.00,95.90,321.55,27.20,31.80,0.00,0.00,0.00,0.0,52,0.5,98.2,91.5,35,
13:02:17.310,43.737183,7.427828,0.0,0.7,0.0, ,3378054,0.00,95.90,321.55,27.20,32.00,0.00,0.00,0.00,0.0,52,0.5,98.2,91.5,35,
13:02:18.010,43.737183,7.427828,0.0,0.7,0.0, ,3378762,0.00,95.90,321.55,27.20,32.00,0.00,0.00,0.00,0.0,50,0.5,98.2,91.5,35,
13:02:18.523,43.737183,7.427828,0.0,0.7,0.0, ,3379267,1.00,95.90,321.55,27.20,32.10,0.00,0.00,0.00,0.0,52,0.5,98.2,91.5,35,
13:02:19.131,43.737183,7.427828,0.0,0.7,0.0, ,3379873,0.00,95.90,321.55,27.20,31.70,0.00,0.00,0.00,0.0,53,0.6,98.2,91.5,35,
13:02:19.932,43.737183,7.427828,0.0,0.7,0.0, ,3380682,0.00,95.90,321.55,27.20,31.90,0.00,0.00,0.00,0.0,52,0.4,98.2,91.5,35,
13:02:20.437,43.737183,7.427828,0.0,0.7,0.0, ,3381187,-1.00,95.90,321.55,27.20,31.80,0.00,0.00,0.00,0.0,53,0.4,98.2,91.5,35,
13:02:21.247,43.737183,7.427828,0.0,0.7,0.0, ,3381995,1.00,95.90,321.55,27.20,31.80,0.00,0.00,0.00,0.0,52,0.4,98.2,91.5,35,
13:02:21.761,43.737183,7.427828,0.0,0.7,0.0, ,3382501,0.00,95.90,321.55,27.20,31.70,0.00,0.00,0.00,0.0,51,0.5,98.2,91.5,35,
13:02:22.374,43.737183,7.427828,0.0,0.7,0.0, ,3383107,3.00,95.90,321.55,27.20,31.70,0.00,0.00,0.00,0.0,52,0.5,98.2,91.5,35,
13:02:22.966,43.737183,7.427828,0.0,0.7,0.0, ,3383713,0.00,95.90,321.55,27.20,31.70,0.00,0.00,0.00,0.0,51,0.5,98.2,91.5,35,
13:02:23.785,43.737183,7.427828,0.0,0.7,0.0, ,3384522,0.00,95.90,321.55,27.20,31.50,0.00,0.00,0.00,0.0,52,0.4,98.2,91.5,35,
13:02:24.393,43.737183,7.427828,0.1,0.7,0.0, ,3385128,0.00,95.90,321.55,27.20,31.50,0.00,0.00,0.00,0.0,52,0.5,98.2,91.5,35,
13:02:24.989,43.737183,7.427828,0.0,0.7,0.0, ,3385734,0.00,95.90,321.55,27.30,31.40,0.00,0.00,0.00,0.0,52,0.5,98.2,91.5,35,
13:02:25.506,43.737183,7.427828,0.0,0.7,0.0, ,3386240,0.00,95.90,321.55,27.30,31.50,0.00,0.00,0.00,0.0,52,0.5,98.2,91.5,35,
13:02:26.363,43.737183,7.427828,0.0,0.7,0.0, ,3387048, , , , , , , , ,nan,52,0.5,98.2,91.5,35,
13:02:27.003,43.737183,7.427828,0.0,0.7,0.0, ,3387687, , , , , , , , ,nan,52,3.9,98.2,91.5,35,
13:02:27.642,43.737183,7.427828,0.0,0.7,0.0, ,3388326, , , , , , , , ,nan,52,4.2,98.2,91.5,35,
13:02:28.282,43.737183,7.427828,0.1,0.7,0.0, ,3388965, , , , , , , , ,nan,52,4.2,98.2,91.5,35,
13:02:28.923,43.737183,7.427828,0.1,0.7,0.0, ,3389605, , , , , , , , ,nan,51,4.1,98.2,91.5,35,
13:02:29.494,43.737183,7.427828,0.8,0.7,0.0, ,3390233,-2180.00,95.90,321.72,27.40,31.30,0.00,0.00,-0.03,0.0,51,0.5,98.2,91.5,35,
13:02:30.232,43.737183,7.427828,0.1,0.7,0.0, ,3390940,-728.00,95.90,321.72,27.40,31.20,0.00,0.00,-0.01,0.0,52,0.6,98.2,91.5,35,
13:02:30.818,43.737183,7.42783,0.6,0.7,0.0, ,3391547,-658.00,95.90,321.72,27.40,31.20,0.00,0.00,-0.01,0.0,52,0.6,98.2,91.5,35,
13:02:31.457,43.737183,7.427831,0.0,0.7,0.0, ,3392153,-352.00,95.90,321.72,27.40,31.00,0.00,0.00,-0.00,0.0,53,0.6,98.2,91.5,35,
13:02:32.032,43.737183,7.427833,0.4,0.7,0.0, ,3392759,0.00,95.90,321.72,27.30,31.10,0.00,0.00,0.00,0.0,53,0.6,98.2,91.5,35,
13:02:32.537,43.737183,7.427835,0.6,0.7,0.0, ,3393264,6.00,95.90,321.72,27.30,31.00,0.00,0.00,0.00,0.0,53,0.6,98.2,91.5,35,
13:02:33.348,43.737183,7.427836,0.6,0.7,0.0, ,3394073,-1.00,95.90,321.72,27.30,30.90,0.00,0.00,0.00,0.0,53,0.6,98.2,91.5,35,
13:02:33.960,43.737183,7.42784,0.5,0.7,0.0, ,3394679,0.00,95.90,321.72,27.30,30.90,0.00,0.00,0.00,0.0,52,0.7,98.2,91.5,35,
13:02:34.561,43.737183,7.427841,0.4,0.7,0.0, ,3395286,0.00,95.90,321.72,27.30,30.90,0.00,0.00,0.00,0.0,52,0.8,98.2,91.5,35,
13:02:35.209,43.737183,7.427843,0.6,0.7,0.0, ,3395892,0.00,95.90,321.72,27.30,30.80,0.00,0.00,0.00,0.0,51,0.8,98.2,91.5,35,
13:02:35.977,43.737181,7.427845,0.5,0.7,0.0, ,3396700,1.00,95.90,321.72,27.30,30.80,0.00,0.00,0.00,0.0,52,0.6,98.2,91.5,35,
13:02:36.586,43.737181,7.427846,0.3,0.7,0.0, ,3397307,1.00,95.90,321.72,27.20,30.70,0.00,0.00,0.00,0.0,51,0.6,98.2,91.5,35,
13:02:37.091,43.737181,7.427848,0.3,0.7,0.0, ,3397812,0.00,95.90,321.72,27.20,30.80,0.00,0.00,-0.00,0.0,52,0.7,98.2,91.5,35,
13:02:37.597,43.737181,7.427848,0.3,0.7,0.0, ,3398317,0.00,95.90,321.72,27.20,30.70,0.00,0.00,0.00,0.0,52,0.8,98.2,91.5,35,
13:02:38.505,43.737181,7.42785,0.6,0.7,0.0, ,3399227,-1.00,95.90,321.72,27.20,30.60,0.00,0.00,0.00,0.0,53,0.5,98.2,91.5,35,
13:02:39.105,43.737181,7.427851,0.0,0.7,0.0, ,3399833,1.00,95.90,321.72,27.20,30.50,0.00,0.00,0.00,0.0,52,0.5,98.2,91.5,35,
13:02:39.619,43.737181,7.427851,0.5,0.7,0.0, ,3400338,0.00,95.90,321.72,27.20,30.50,0.00,0.00,0.00,0.0,52,0.5,98.2,91.5,35,
13:02:40.227,43.737181,7.427855,0.3,0.7,0.0, ,3400944,1.00,95.90,321.72,27.20,30.50,0.00,0.00,0.00,0.0,53,0.5,98.2,91.5,35,
13:02:40.833,43.737181,7.427856,0.5,0.7,0.0, ,3401551,0.00,95.90,321.72,27.20,30.50,0.00,0.00,0.00,0.0,51,0.5,98.2,91.5,35,
13:02:41.746,43.737181,7.427858,0.3,0.7,0.0, ,3402460,0.00,95.90,321.72,27.20,30.50,0.00,0.00,0.00,0.0,52,0.6,98.2,91.5,35,
13:02:42.351,43.737181,7.427858,0.3,0.7,0.0, ,3403067,0.00,95.90,321.72,27.20,30.40,0.00,0.00,0.00,0.0,52,0.6,98.2,91.5,35,
13:02:42.961,43.73718,7.42786,0.3,0.7,0.0, ,3403673,0.00,95.90,321.72,27.20,30.30,0.00,0.00,0.00,0.0,53,0.6,98.2,91.5,35,
13:02:43.557,43.73718,7.427861,0.3,0.7,0.0, ,3404279,0.00,95.90,321.72,27.10,30.50,0.00,0.00,0.00,0.0,52,0.5,98.2,91.5,35,
13:02:44.071,43.73718,7.427861,0.3,0.7,0.0, ,3404784,0.00,95.90,321.72,27.20,30.40,0.00,0.00,0.00,0.0,52,0.6,98.2,91.5,35,
13:02:44.716,43.73718,7.427863,0.3,0.7,0.0, ,3405391,0.00,95.90,321.72,27.10,30.50,0.00,0.00,0.00,0.0,51,0.7,98.2,91.5,35,
13:02:45.592,43.73718,7.427865,0.3,0.7,0.0, ,3406300,0.00,95.90,321.72,27.10,30.40,0.00,0.00,0.00,0.0,51,0.7,98.2,91.5,35,
13:02:46.213,43.73718,7.427866,0.0,0.7,0.0, ,3406907,0.00,95.90,321.72,27.10,30.40,0.00,0.00,0.00,0.0,52,0.8,98.2,91.5,35,
13:02:46.795,43.73718,7.427866,0.2,0.7,0.0, ,3407513,0.00,95.90,321.72,27.10,30.40,0.00,0.00,0.00,0.0,52,0.8,98.2,91.5,35,
13:02:47.309,43.73718,7.427868,0.4,0.7,0.0, ,3408018,0.00,95.90,321.72,27.10,30.30,0.00,0.00,0.00,0.0,52,0.8,98.2,91.5,35,
13:02:47.956,43.737178,7.427868,0.2,0.7,0.0, ,3408624,0.00,95.90,321.72,27.10,30.20,0.00,0.00,0.00,0.0,52,0.8,98.2,91.5,34,
13:02:48.523,43.737178,7.427868,0.2,0.7,0.0, ,3409231,0.00,95.90,321.72,27.10,30.20,0.00,0.00,0.00,0.0,52,0.8,98.2,91.5,34,
13:02:49.450,43.737178,7.42787,0.4,0.7,0.0, ,3410140,0.00,95.90,321.72,27.10,30.10,0.00,0.00,0.00,0.0,53,0.8,98.2,91.5,35,
13:02:49.960,43.737178,7.427871,0.5,0.7,0.0, ,3410646,0.00,95.90,321.72,27.10,30.20,0.00,0.00,0.00,0.0,52,0.8,98.2,91.5,35,
13:02:50.547,43.737176,7.427873,0.4,0.7,0.0, ,3411252,0.00,95.90,321.72,27.10,30.10,0.00,0.00,0.00,0.0,53,0.9,98.2,91.5,35,
13:02:51.347,43.737176,7.427873,0.0,0.7,0.0, ,3412060,0.00,95.90,321.72,27.10,30.00,0.00,0.00,0.00,0.0,52,0.8,98.2,91.5,35,
13:02:51.853,43.737176,7.427873,0.0,0.7,0.0, ,3412566,1.00,95.90,321.72,27.10,29.90,0.00,0.00,0.00,0.0,53,0.8,98.2,91.5,35,
13:02:52.571,43.737176,7.427873,0.0,0.7,0.0, ,3413273,0.00,95.90,321.72,27.10,29.80,0.00,0.00,0.00,0.0,52,0.5,98.2,91.5,35,
13:02:53.076,43.737176,7.427873,0.0,0.7,0.0, ,3413778,1.00,95.90,321.72,27.10,29.90,0.00,0.00,0.00,0.0,52,0.5,98.2,91.5,35,
13:02:53.708,43.737176,7.427873,0.0,0.7,0.0, ,3414384,0.00,95.90,321.72,27.10,29.80,0.00,0.00,0.00,0.0,52,0.6,98.2,91.5,35,
13:02:54.484,43.737176,7.427873,0.0,0.7,0.0, ,3415193,0.00,95.90,321.72,27.00,29.90,0.00,0.00,0.00,0.0,53,0.6,98.2,91.5,35,
13:02:54.996,43.737176,7.427873,0.0,0.7,0.0, ,3415698,0.00,95.90,321.72,27.00,29.70,0.00,0.00,0.00,0.0,52,0.6,98.2,91.5,35,
13:02:55.605,43.737176,7.427873,0.0,0.7,0.0, ,3416304,3.00,95.90,321.72,27.10,29.80,0.00,0.00,0.00,0.0,51,0.4,98.2,91.5,35,
13:02:56.406,43.737176,7.427873,0.0,0.7,0.0, ,3417113,0.00,95.90,321.72,27.10,29.60,0.00,0.00,0.00,0.0,52,0.5,98.2,91.5,34,
13:02:57.013,43.737176,7.427873,0.0,0.7,0.0, ,3417719,0.00,95.90,321.72,27.00,29.60,0.00,0.00,0.00,0.0,52,0.5,98.2,91.5,35,
13:02:57.729,43.737176,7.427873,0.0,0.7,0.0, ,3418427,0.00,95.90,321.72,27.10,29.60,0.00,0.00,0.00,0.0,51,0.5,98.2,91.5,35,
13:02:58.237,43.737176,7.427873,0.0,0.7,0.0, ,3418932,1.00,95.90,321.72,27.00,29.50,0.00,0.00,0.00,0.0,53,0.5,98.2,91.5,35,
13:02:58.842,43.737176,7.427873,0.0,0.7,0.0, ,3419538,1.00,95.90,321.72,27.10,29.50,0.00,0.00,0.00,0.0,52,0.5,98.2,91.5,35,
13:02:59.745,43.737176,7.427873,0.0,0.7,0.0, ,3420448,0.00,95.90,321.72,27.10,29.70,0.00,0.00,0.00,0.0,52,0.6,98.2,91.5,34,
13:03:00.260,43.737176,7.427873,0.0,0.7,0.0, ,3420953,0.00,95.90,321.72,27.10,29.60,0.00,0.00,0.00,0.0,52,0.6,98.2,91.5,34,
13:03:00.867,43.737176,7.427873,0.0,0.7,0.0, ,3421559,0.00,95.90,321.72,27.10,29.30,0.00,0.00,0.00,0.0,52,0.6,98.2,91.5,35,
13:03:01.464,43.737176,7.427873,0.0,0.7,0.0, ,3422166,2.00,95.90,321.72,27.00,29.40,0.00,0.00,0.00,0.0,51,0.6,98.2,91.5,35,
13:03:02.283,43.737176,7.427875,0.2,0.7,0.0, ,3422974,0.00,95.90,321.72,27.10,29.30,0.00,0.00,0.00,0.0,52,0.6,98.2,91.5,34,
13:03:02.890,43.737176,7.427875,0.1,0.7,0.0, ,3423580,0.00,95.90,321.72,27.00,29.30,0.00,0.00,0.01,0.0,51,0.7,98.2,91.5,35,
13:03:03.487,43.737176,7.427875,0.2,0.7,0.0, ,3424187,0.00,95.90,321.72,27.00,29.30,0.00,0.00,0.00,0.0,52,0.6,98.2,91.5,35,
13:03:04.000,43.737176,7.427875,0.0,0.7,0.0, ,3424692,-1.00,95.90,321.72,27.00,29.30,0.00,0.00,0.00,0.0,52,0.4,98.2,91.5,35,
13:03:04.815,43.737176,7.427875,0.0,0.7,0.0, ,3425500,1.00,95.90,321.72,27.00,29.20,0.00,0.00,0.00,0.0,52,0.4,98.2,91.5,35,
13:03:05.456,43.737176,7.427875,0.0,0.7,0.0, ,3426107,0.00,95.90,321.72,27.00,29.10,0.00,0.00,0.00,0.0,53,0.4,98.2,91.5,35,
13:03:06.024,43.737176,7.427875,0.0,0.7,0.0, ,3426713,0.00,95.90,321.72,27.00,29.20,0.00,0.00,0.00,0.0,53,0.4,98.2,91.5,34,
13:03:06.839,43.737176,7.427875,0.0,0.7,0.0, ,3427521,-1.00,95.90,321.72,27.00,29.00,0.00,0.00,0.00,0.0,52,0.5,98.2,91.5,34,
13:03:07.460,43.737176,7.427876,0.0,0.7,0.0, ,3428128,0.00,95.90,321.72,27.10,29.10,0.00,0.00,0.00,0.0,52,0.4,98.2,91.5,34,
13:03:08.040,43.737176,7.427876,0.0,0.7,0.0, ,3428734,0.00,95.90,321.72,27.10,29.10,0.00,0.00,0.00,0.0,53,0.5,98.2,91.5,35,
13:03:08.554,43.737176,7.427876,0.0,0.7,0.0, ,3429239,0.00,95.90,321.72,27.10,28.90,0.00,0.00,0.00,0.0,52,0.5,98.2,91.5,35,
13:03:09.254,43.737176,7.427876,0.0,0.7,0.0, ,3429947,0.00,95.90,321.72,27.10,29.00,0.00,0.00,0.00,0.0,52,0.5,98.2,91.5,35,
13:03:10.075,43.737176,7.427876,0.0,0.7,0.0, ,3430755,0.00,95.90,321.72,27.10,28.90,0.00,0.00,0.00,0.0,53,0.5,98.2,91.5,34,
13:03:10.710,43.737176,7.427876,0.0,0.7,0.0, ,3431361,0.00,95.90,321.72,27.10,28.90,0.00,0.00,0.00,0.0,54,0.5,98.2,91.5,34,
13:03:11.212,43.737176,7.427876,0.0,0.7,0.0, ,3431867,-1.00,95.90,321.72,27.10,28.80,0.00,0.00,0.00,0.0,52,0.5,98.2,91.5,34,
13:03:11.793,43.737176,7.427876,0.0,0.7,0.0, ,3432473,0.00,95.90,321.72,27.10,28.90,0.00,0.00,0.00,0.0,52,0.5,98.2,91.5,35,
13:03:12.400,43.737176,7.427876,0.0,0.7,0.0, ,3433079,-1.00,95.90,321.72,27.10,28.90,0.00,0.00,0.00,0.0,53,0.5,98.2,91.5,35,
13:03:13.313,43.737176,7.427876,0.0,0.7,0.0, ,3433989,1.00,95.90,321.72,27.10,28.70,0.00,0.00,0.00,0.0,53,0.4,98.2,91.5,34,
13:03:13.614,43.737176,7.427876,0.0,0.7,0.0, ,3434292,-2.00,95.90,321.72,27.10,28.80,0.00,0.00,0.00,0.0,51,0.4,98.2,91.5,34,
13:03:14.459,43.737176,7.427876,0.0,0.7,0.0, ,3435100,0.00,95.90,321.72,27.10,28.70,0.00,0.00,0.00,0.0,52,0.4,98.2,91.5,34,
13:03:15.235,43.737176,7.427876,0.0,0.7,0.0, ,3435909,0.00,95.90,321.72,27.10,28.70,0.00,0.00,0.00,0.0,53,0.5,98.2,91.5,34,
13:03:15.838,43.737176,7.427876,0.0,0.7,0.0, ,3436515,0.00,95.90,321.72,27.10,28.60,0.00,0.00,0.00,0.0,51,0.5,98.2,91.5,34,
13:03:16.459,43.737176,7.427876,0.0,0.7,0.0, ,3437121,0.00,95.90,321.72,27.10,28.40,0.00,0.00,0.00,0.0,51,0.5,98.2,91.5,34,
13:03:17.051,43.737176,7.427876,0.0,0.7,0.0, ,3437728,0.00,95.90,321.72,27.10,28.70,0.00,0.00,0.00,0.0,52,0.5,98.2,91.5,34,
13:03:17.651,43.737176,7.427876,0.0,0.7,0.0, ,3438334,0.00,95.90,321.72,27.10,28.70,0.00,0.00,0.00,0.0,52,0.5,98.2,91.5,34,
13:03:18.472,43.737176,7.427876,0.0,0.7,0.0, ,3439142,0.00,95.90,321.72,27.10,28.30,0.00,0.00,0.00,0.0,51,0.5,98.2,91.5,35,
13:03:18.974,43.737176,7.427876,0.0,0.7,0.0, ,3439648,1.00,95.90,321.72,27.10,28.50,0.00,0.00,0.00,0.0,52,0.4,98.2,91.5,34,
13:03:19.785,43.737176,7.427876,0.0,0.7,0.0, ,3440456,-1.00,95.90,321.72,27.10,28.50,0.00,0.00,0.00,0.0,52,0.5,98.2,91.5,34,
13:03:20.288,43.737175,7.427876,0.0,0.7,0.0, ,3440961,0.00,96.00,321.72,27.10,28.30,0.00,0.00,0.00,0.0,52,0.5,98.2,91.5,34,
13:03:20.899,43.737175,7.427876,0.0,0.7,0.0, ,3441568,0.00,95.90,321.72,27.10,28.50,0.00,0.00,0.00,0.0,52,0.5,98.2,91.5,34,
13:03:21.503,43.737175,7.427876,0.0,0.7,0.0, ,3442174,-1.00,95.90,321.72,27.10,28.50,0.00,0.00,0.00,0.0,52,0.5,98.2,91.5,34,
13:03:22.109,43.737175,7.427876,0.0,0.7,0.0, ,3442780,0.00,95.90,321.72,27.10,28.60,0.00,0.00,0.00,0.0,52,0.5,98.2,91.5,35,
13:03:22.724,43.737175,7.427876,0.0,0.7,0.0, ,3443387,0.00,95.90,321.72,27.10,28.40,0.00,0.00,0.00,0.0,51,0.6,98.2,91.5,34,
13:03:23.620,43.737175,7.427876,0.0,0.7,0.0, ,3444296,0.00,95.90,321.72,27.10,28.30,0.00,0.00,0.00,0.0,52,0.5,98.2,91.5,34,
13:03:24.135,43.737175,7.427876,0.0,0.7,0.0, ,3444801,0.00,95.90,321.72,27.10,28.40,0.00,0.00,0.00,0.0,52,0.5,98.2,91.5,34,
13:03:24.641,43.737175,7.427876,0.0,0.7,0.0, ,3445307,0.00,95.90,321.72,27.10,28.30,0.00,0.00,0.00,0.0,53,0.5,98.2,91.5,34,
13:03:25.552,43.737175,7.427876,0.0,0.7,0.0, ,3446216,1.00,95.90,321.72,27.10,28.20,0.00,0.00,0.00,0.0,52,0.5,98.2,91.5,34,
13:03:26.149,43.737175,7.427876,0.0,0.7,0.0, ,3446822,0.00,95.90,321.72,27.10,28.20,0.00,0.00,-0.00,0.0,53,0.6,98.2,91.5,34,
13:03:26.869,43.737175,7.427876,0.0,0.7,0.0, ,3447530,0.00,95.90,321.72,27.10,28.20,0.00,0.00,0.00,0.0,52,0.7,98.2,91.5,34,
13:03:27.372,43.737175,7.427876,0.0,0.7,0.0, ,3448035,0.00,95.90,321.72,27.10,28.10,0.00,0.00,0.00,0.0,51,0.5,98.2,91.5,34,
13:03:27.979,43.737175,7.427876,0.0,0.7,0.0, ,3448641,0.00,95.90,321.72,27.10,28.20,0.00,0.00,0.00,0.0,53,0.6,98.2,91.5,34,
13:03:28.589,43.737175,7.427876,0.0,0.7,0.0, ,3449248,0.00,95.90,321.72,27.10,28.10,0.00,0.00,0.00,0.0,52,0.6,98.2,91.5,34,
13:03:29.216,43.737175,7.427876,0.0,0.7,0.0, ,3449854,0.00,95.90,321.72,27.10,28.10,0.00,0.00,0.00,0.0,51,0.6,98.2,91.5,34,
13:03:29.802,43.737175,7.427876,0.0,0.7,0.0, ,3450460,0.00,95.90,321.72,27.10,28.00,0.00,0.00,0.00,0.0,53,0.4,98.2,91.5,34,
13:03:30.731,43.737175,7.427876,0.0,0.7,0.0, ,3451370,0.00,95.90,321.72,27.10,27.80,0.00,0.00,0.00,0.0,53,0.5,98.2,91.5,34,
13:03:31.310,43.737175,7.427876,0.0,0.7,0.0, ,3451976,0.00,95.90,321.72,27.10,27.90,0.00,0.00,0.00,0.0,53,0.5,98.2,91.5,34,
13:03:31.825,43.737175,7.427876,0.0,0.7,0.0, ,3452481,0.00,95.90,321.72,27.10,28.10,0.00,0.00,0.00,0.0,52,0.5,98.2,91.5,34,
13:03:32.635,43.737175,7.427876,0.0,0.7,0.0, ,3453290,0.00,95.90,321.72,27.10,28.00,0.00,0.00,0.00,0.0,52,0.5,98.2,91.5,34,
13:03:33.233,43.737175,7.427876,0.0,0.7,0.0, ,3453896,-1.00,95.90,321.72,27.00,28.00,0.00,0.00,0.00,0.0,52,0.5,98.2,91.5,34,
13:03:33.749,43.737175,7.427876,0.0,0.7,0.0, ,3454401,0.00,95.90,321.72,27.00,27.90,0.00,0.00,0.00,0.0,52,0.5,98.2,91.5,34,
13:03:34.357,43.737175,7.427876,0.0,0.7,0.0, ,3455008,0.00,95.90,321.72,27.00,27.80,0.00,0.00,0.00,0.0,52,0.5,98.2,91.5,34,
13:03:35.155,43.737175,7.427876,0.0,0.7,0.0, ,3455816,1.00,95.90,321.72,27.00,27.80,0.00,0.00,0.00,0.0,53,0.6,98.2,91.5,34,
13:03:35.708,43.737175,7.427876,0.0,0.7,0.0, ,3456321,0.00,95.90,321.72,27.00,27.70,0.00,0.00,0.00,0.0,51,0.5,98.2,91.5,34,
13:03:36.277,43.737175,7.427876,0.0,0.7,0.0, ,3456928,0.00,95.90,321.72,27.00,27.80,0.00,0.00,0.00,0.0,52,0.6,98.2,91.5,34,
13:03:36.888,43.737175,7.427876,0.0,0.7,0.0, ,3457534,0.00,95.90,321.72,27.00,27.80,0.00,0.00,0.00,0.0,53,0.6,98.2,91.5,34,
13:03:37.794,43.737175,7.427876,0.1,0.7,0.0, ,3458443,0.00,95.90,321.72,27.00,27.60,0.00,0.00,0.00,0.0,51,0.7,98.2,91.5,34,
13:03:38.302,43.737175,7.427876,0.0,0.7,0.0, ,3458949,0.00,95.90,321.72,27.00,27.60,0.00,0.00,0.00,0.0,52,0.8,98.2,91.5,34,
13:03:39.000,43.737175,7.427876,0.1,0.7,0.0, ,3459656,1.00,95.90,321.72,27.00,27.60,0.00,0.00,0.00,0.0,53,0.7,98.2,91.5,34,
13:03:39.515,43.737175,7.427876,0.0,0.7,0.0, ,3460161,0.00,95.90,321.72,27.00,27.70,0.00,0.00,0.00,0.0,52,0.7,98.2,91.5,34,
13:03:40.123,43.737175,7.427876,0.0,0.7,0.0, ,3460768,-2.00,95.90,321.72,27.00,27.60,0.00,0.00,0.00,0.0,53,0.8,98.2,91.5,34,
13:03:40.962,43.737175,7.427876,0.0,0.7,0.0, ,3461576,0.00,95.90,321.72,27.00,27.40,0.00,0.00,0.00,0.0,52,0.7,98.2,91.5,34,
13:03:41.538,43.737175,7.427876,0.0,0.7,0.0, ,3462182,-3.00,95.90,321.72,27.00,27.50,0.00,0.00,0.00,0.0,53,0.5,98.2,91.5,34,
13:03:42.044,43.737175,7.427876,0.0,0.7,0.0, ,3462688,-1.00,95.90,321.72,27.00,27.50,0.00,0.00,0.00,0.0,52,0.5,98.2,91.5,34,
13:03:42.966,43.737175,7.427876,0.0,0.7,0.0, ,3463597,1.00,95.90,321.72,27.00,27.50,0.00,0.00,0.00,0.0,52,0.4,98.2,91.5,34,
13:03:43.559,43.737175,7.427876,0.0,0.7,0.0, ,3464203,1.00,95.90,321.72,27.00,27.40,0.00,0.00,0.00,0.0,52,0.4,98.2,91.5,34,
13:03:44.160,43.737175,7.427876,0.0,0.7,0.0, ,3464810,0.00,95.90,321.72,27.00,27.40,0.00,0.00,0.00,0.0,52,0.5,98.2,91.5,34,
13:03:44.767,43.737175,7.427876,0.0,0.7,0.0, ,3465416,0.00,95.90,321.72,27.00,27.40,0.00,0.00,-0.00,0.0,52,0.5,98.2,91.5,34,
13:03:45.484,43.737175,7.427876,0.0,0.7,0.0, ,3466123,3.00,95.90,321.72,27.00,27.40,0.00,0.00,0.00,0.0,52,0.5,98.2,91.5,34,
13:03:45.991,43.737175,7.427876,0.0,0.7,0.0, ,3466629,0.00,95.90,321.72,27.00,27.30,0.00,0.00,0.00,0.0,52,0.4,98.2,91.5,34,
13:03:46.594,43.737175,7.427876,0.0,0.7,0.0, ,3467235,0.00,95.90,321.72,27.00,27.40,0.00,0.00,0.00,0.0,51,0.4,98.2,91.5,34,
13:03:47.214,43.737175,7.427876,0.0,0.7,0.0, ,3467841,0.00,95.90,321.72,27.00,27.10,0.00,0.00,0.00,0.0,53,0.5,98.2,91.5,34,
13:03:48.119,43.737175,7.427876,0.0,0.7,0.0, ,3468751,0.00,95.90,321.72,27.00,27.20,0.00,0.00,0.00,0.0,52,0.5,98.2,91.5,34,
13:03:48.721,43.737175,7.427876,0.0,0.7,0.0, ,3469357,0.00,95.90,321.72,27.00,27.20,0.00,0.00,0.00,0.0,53,0.5,98.2,91.5,34,
13:03:49.327,43.737175,7.427876,0.0,0.7,0.0, ,3469963,0.00,95.90,321.72,27.00,27.10,0.00,0.00,0.00,0.0,54,0.5,98.2,91.5,34,
13:03:49.960,43.737175,7.427876,0.0,0.7,0.0, ,3470570,0.00,95.90,321.72,27.00,27.10,0.00,0.00,0.00,0.0,53,0.5,98.2,91.5,34,
13:03:50.470,43.737175,7.427876,0.0,0.7,0.0, ,3471075,0.00,95.90,321.72,27.00,27.20,0.00,0.00,0.00,0.0,52,0.6,98.2,91.5,34,
13:03:51.047,43.737175,7.427876,0.0,0.7,0.0, ,3471681,1.00,95.90,321.72,27.00,27.00,0.00,0.00,0.00,0.0,53,0.6,98.2,91.5,34,
13:03:51.968,43.737175,7.427876,0.0,0.7,0.0, ,3472591,0.00,95.90,321.72,27.00,27.10,0.00,0.00,0.00,0.0,52,0.5,98.2,91.5,34,
13:03:52.563,43.737175,7.427876,0.1,0.7,0.0, ,3473197,0.00,95.90,321.72,27.00,27.00,0.00,0.00,0.00,0.0,53,0.6,98.2,91.5,34,
13:03:53.212,43.737175,7.427876,0.0,0.7,0.0, ,3473803,0.00,95.90,321.72,27.00,27.10,0.00,0.00,0.00,0.0,53,0.6,98.2,91.5,34,
13:03:53.771,43.737175,7.427876,0.0,0.7,0.0, ,3474410,0.00,95.90,321.72,27.00,26.90,0.00,0.00,0.00,0.0,53,0.5,98.2,91.5,34,
13:03:54.284,43.737175,7.427876,0.0,0.7,0.0, ,3474915,0.00,95.90,321.72,27.00,27.10,0.00,0.00,0.00,0.0,53,0.4,98.2,91.5,34,
13:03:55.217,43.737175,7.427876,0.0,0.7,0.0, ,3475824,0.00,95.90,321.72,27.00,27.00,0.00,0.00,0.00,0.0,52,0.5,98.2,91.5,34,
13:03:55.794,43.737175,7.427876,0.0,0.7,0.0, ,3476431,0.00,95.90,321.72,27.00,27.00,0.00,0.00,0.00,0.0,53,0.5,98.2,91.5,34,
13:03:56.308,43.737175,7.427876,0.1,0.7,0.0, ,3476936,0.00,95.90,321.72,27.00,26.90,0.00,0.00,0.00,0.0,52,0.5,98.2,91.5,34,
13:03:57.007,43.737175,7.427876,0.0,0.7,0.0, ,3477643,0.00,95.90,321.72,27.00,26.90,0.00,0.00,0.00,0.0,52,0.4,98.2,91.5,34,
13:03:57.521,43.737175,7.427876,0.0,0.7,0.0, ,3478149,-1.00,96.00,321.72,27.00,27.00,0.00,0.00,0.00,0.0,53,0.4,98.2,91.5,34,
13:03:58.332,43.737175,7.427876,0.0,0.7,0.0, ,3478957,0.00,95.90,321.72,27.00,26.90,0.00,0.00,0.00,0.0,53,0.5,98.2,91.5,34,
13:03:58.951,43.737175,7.427876,0.1,0.7,0.0, ,3479563,0.00,95.90,321.72,27.00,27.00,0.00,0.00,0.00,0.0,52,0.5,98.2,91.5,34,
13:03:59.752,43.737175,7.427875,0.0,0.7,0.0, ,3480372,0.00,95.90,321.72,27.00,26.90,0.00,0.00,0.00,0.0,53,0.5,98.2,91.5,34,
13:04:00.354,43.737175,7.427875,0.0,0.7,0.0, ,3480978,-1.00,95.90,321.72,27.00,26.90,0.00,0.00,0.00,0.0,52,0.5,98.2,91.5,34,
13:04:00.965,43.737175,7.427875,0.0,0.7,0.0, ,3481584,1.00,95.90,321.72,27.00,26.80,0.00,0.00,0.00,0.0,52,0.6,98.2,91.5,34,
13:04:01.561,43.737175,7.427875,0.0,0.7,0.0, ,3482191,0.00,95.90,321.72,27.00,26.70,0.00,0.00,0.00,0.0,53,0.6,98.2,91.5,34,
13:04:02.074,43.737175,7.427875,0.0,0.7,0.0, ,3482696,0.00,95.90,321.72,27.00,26.80,0.00,0.00,0.00,0.0,52,0.6,98.2,91.5,34,
13:04:02.987,43.737175,7.427875,0.0,0.7,0.0, ,3483606,0.00,95.90,321.72,27.00,26.60,0.00,0.00,0.00,0.0,53,0.6,98.2,91.5,34,
13:04:03.590,43.737175,7.427875,0.0,0.7,0.0, ,3484212,0.00,95.90,321.72,27.00,26.80,0.00,0.00,0.00,0.0,52,0.4,98.2,91.5,34,
13:04:04.211,43.737175,7.427875,0.0,0.7,0.0, ,3484818,-1.00,95.90,321.72,27.00,26.70,0.00,0.00,0.00,0.0,53,0.5,98.2,91.5,34,
13:04:04.721,43.737175,7.427875,0.0,0.7,0.0, ,3485323,0.00,96.00,321.72,27.00,26.80,0.00,0.00,0.00,0.0,52,0.5,98.2,91.5,34,
13:04:05.312,43.737175,7.427875,0.0,0.7,0.0, ,3485930,0.00,95.90,321.72,27.00,26.50,0.00,0.00,0.00,0.0,53,0.5,98.2,91.5,34,
13:04:06.112,43.737175,7.427875,0.0,0.7,0.0, ,3486738,0.00,95.90,321.72,27.00,26.50,0.00,0.00,0.00,0.0,52,0.5,98.2,91.5,34,
13:04:06.829,43.737175,7.427875,0.0,0.7,0.0, ,3487446,0.00,95.90,321.72,27.00,26.50,0.00,0.00,0.00,0.0,52,0.5,98.2,91.5,34,
13:04:07.459,43.737175,7.427875,0.0,0.7,0.0, ,3488052,1.00,95.90,321.72,27.00,26.60,0.00,0.00,0.00,0.0,52,0.6,98.2,91.5,34,
13:04:08.048,43.737175,7.427875,0.0,0.7,0.0, ,3488658,0.00,95.90,321.72,27.00,26.50,0.00,0.00,0.00,0.0,53,0.4,98.3,91.5,34,
13:04:08.550,43.737175,7.427875,0.0,0.7,0.0, ,3489163,0.00,95.90,321.72,27.00,26.50,0.00,0.00,0.00,0.0,53,0.5,98.3,91.5,34,
13:04:09.477,43.737175,7.427875,0.0,0.7,0.0, ,3490073,0.00,95.90,321.72,27.00,26.40,0.00,0.00,0.00,0.0,53,0.5,98.2,91.5,34,
13:04:10.065,43.737175,7.427875,0.0,0.7,0.0, ,3490679,0.00,95.90,321.72,27.00,26.40,0.00,0.00,0.00,0.0,53,0.5,98.2,91.5,34,
13:04:10.709,43.737175,7.427875,0.0,0.7,0.0, ,3491286,0.00,95.90,321.72,27.00,26.40,0.00,0.00,0.00,0.0,53,0.5,98.2,91.5,34,
13:04:11.213,43.737175,7.427875,0.0,0.7,0.0, ,3491791,0.00,95.90,321.72,27.00,26.50,0.00,0.00,0.00,0.0,52,0.5,98.3,91.5,34,
13:04:11.988,43.737175,7.427875,0.0,0.7,0.0, ,3492599,0.00,95.90,321.72,27.00,26.40,0.00,0.00,0.00,0.0,53,0.5,98.2,91.5,34,
13:04:12.494,43.737175,7.427875,0.0,0.7,0.0, ,3493104,-1.00,95.90,321.72,27.00,26.40,0.00,0.00,0.00,0.0,53,0.5,98.2,91.5,34,
13:04:13.305,43.737175,7.427875,0.0,0.7,0.0, ,3493913,0.00,95.90,321.72,27.00,26.20,0.00,0.00,0.00,0.0,53,0.5,98.2,91.5,34,
13:04:14.003,43.737175,7.427875,0.0,0.7,0.0, ,3494620,0.00,95.90,321.72,27.00,26.30,0.00,0.00,0.00,0.0,52,0.6,98.2,91.5,34,
13:04:14.517,43.737175,7.427875,0.0,0.7,0.0, ,3495126,0.00,95.90,321.72,27.00,26.30,0.00,0.00,0.00,0.0,53,0.5,98.3,91.5,34,
13:04:15.124,43.737175,7.427875,0.0,0.7,0.0, ,3495732,0.00,95.90,321.72,27.00,26.30,0.00,0.00,0.00,0.0,52,0.4,98.3,91.5,34,
13:04:15.963,43.737175,7.427875,0.0,0.7,0.0, ,3496540,1.00,95.90,321.72,27.00,26.10,0.00,0.00,0.00,0.0,51,0.4,98.3,91.5,34,
13:04:16.469,43.737175,7.427876,0.0,0.7,0.0, ,3497046,-1.00,95.90,321.72,27.00,26.30,0.00,0.00,0.00,0.0,52,0.4,98.3,91.5,34,
13:04:17.050,43.737175,7.427876,0.0,0.7,0.0, ,3497652,0.00,95.90,321.72,27.00,26.10,0.00,0.00,0.00,0.0,52,0.5,98.3,91.5,34,
13:04:17.857,43.737175,7.427876,0.0,0.7,0.0, ,3498460,0.00,95.90,321.72,27.00,26.20,0.00,0.00,0.00,0.0,53,0.5,98.3,91.5,34,
13:04:18.364,43.737175,7.427876,0.0,0.7,0.0, ,3498966,0.00,95.90,321.72,27.00,26.10,0.00,0.00,0.00,0.0,51,0.5,98.2,91.5,34,
13:04:18.965,43.737175,7.427876,0.0,0.7,0.0, ,3499572,-1.00,95.90,321.72,27.00,26.30,0.00,0.00,0.00,0.0,52,0.5,98.2,91.5,34,
13:04:19.783,43.737175,7.427876,0.0,0.7,0.0, ,3500380,0.00,95.90,321.72,27.00,26.10,0.00,0.00,0.00,0.0,51,0.5,98.3,91.5,34,
13:04:20.286,43.737175,7.427876,0.0,0.7,0.0, ,3500886,0.00,95.90,321.72,27.00,26.10,0.00,0.00,0.00,0.0,53,0.4,98.3,91.5,34,
13:04:21.094,43.737175,7.427876,0.0,0.7,0.0, ,3501694,0.00,96.00,321.72,27.00,26.00,0.00,0.00,0.00,0.0,51,0.4,98.3,91.5,34,
13:04:21.720,43.737175,7.427876,0.0,0.7,0.0, ,3502300,0.00,95.90,321.72,27.00,26.10,0.00,0.00,0.00,0.0,53,0.5,98.3,91.5,34,
13:04:22.301,43.737175,7.427876,0.0,0.7,0.0, ,3502907,0.00,95.90,321.72,27.00,26.10,0.00,0.00,0.00,0.0,52,0.5,98.3,91.5,34,
13:04:22.815,43.737175,7.427876,0.0,0.7,0.0, ,3503412,0.00,95.90,321.72,27.00,26.10,0.00,0.00,0.00,0.0,52,0.5,98.3,91.5,34,
13:04:23.449,43.737175,7.427875,0.0,0.7,0.0, ,3504018,0.00,95.90,321.72,27.00,26.00,0.00,0.00,0.00,0.0,52,0.5,98.2,91.5,34,
13:04:24.233,43.737175,7.427875,0.0,0.7,0.0, ,3504827,1.00,95.90,321.72,27.00,26.00,0.00,0.00,0.00,0.0,51,0.4,98.3,91.5,34,
13:04:24.838,43.737175,7.427875,0.0,0.7,0.0, ,3505433,0.00,95.90,321.72,27.00,26.00,0.00,0.00,0.00,0.0,52,0.4,98.3,91.5,34,
13:04:25.460,43.737175,7.427875,0.0,0.7,0.0, ,3506039,0.00,95.90,321.72,27.00,26.00,0.00,0.00,0.00,0.0,52,0.5,98.3,91.5,34,
13:04:26.054,43.737175,7.427875,0.0,0.7,0.0, ,3506646,0.00,95.90,321.72,27.00,25.90,0.00,0.00,0.00,0.0,53,0.5,98.3,91.5,34,
13:04:26.753,43.737175,7.427876,0.0,0.7,0.0, ,3507353,0.00,95.90,321.72,27.00,25.90,0.00,0.00,0.00,0.0,52,0.5,98.3,91.5,34,
13:04:27.563,43.737175,7.427876,0.0,0.7,0.0, ,3508161,0.00,95.90,321.72,27.00,26.00,0.00,0.00,0.00,0.0,51,0.5,98.3,91.5,34,
13:04:28.079,43.737175,7.427876,0.0,0.7,0.0, ,3508667,0.00,95.90,321.72,27.00,25.80,0.00,0.00,0.00,0.0,53,0.6,98.2,91.5,34,
13:04:28.708,43.737175,7.427876,0.0,0.7,0.0, ,3509273,0.00,95.90,321.72,27.00,25.80,0.00,0.00,0.00,0.0,51,0.5,98.3,91.5,34,
13:04:29.501,43.737175,7.427876,0.0,0.7,0.0, ,3510081,0.00,95.90,321.72,27.00,25.80,0.00,0.00,0.00,0.0,53,0.6,98.3,91.5,34,
13:04:30.002,43.737175,7.427876,0.0,0.7,0.0, ,3510587,-2.00,95.90,321.72,27.00,25.80,0.00,0.00,0.00,0.0,52,0.6,98.3,91.5,34,
13:04:30.605,43.737175,7.427876,0.0,0.7,0.0, ,3511193,0.00,95.90,321.72,27.00,25.80,0.00,0.00,0.00,0.0,53,0.6,98.3,91.5,34,
13:04:31.215,43.737175,7.427876,0.0,0.7,0.0, ,3511799,0.00,95.90,321.72,27.00,25.80,0.00,0.00,0.00,0.0,51,0.6,98.2,91.5,34,
13:04:32.023,43.737175,7.427876,0.0,0.7,0.0, ,3512608,0.00,95.90,321.72,27.00,25.90,0.00,0.00,-0.00,0.0,52,0.6,98.2,91.5,34,
13:04:32.628,43.737175,7.427876,0.0,0.7,0.0, ,3513214,0.00,95.90,321.72,27.00,25.60,0.00,0.00,0.00,0.0,52,0.5,98.3,91.5,34,
13:04:33.136,43.737175,7.427876,0.0,0.7,0.0, ,3513719,0.00,96.00,321.72,27.00,25.70,0.00,0.00,0.00,0.0,51,0.5,98.3,91.5,34,
13:04:34.048,43.737175,7.427876,0.0,0.7,0.0, ,3514629,0.00,95.90,321.72,27.00,25.80,0.00,0.00,0.00,0.0,52,0.5,98.3,91.5,34,
13:04:34.502,43.737175,7.427876,0.0,0.7,0.0, ,3515037, , , , , , , , ,nan,52,0.4,98.3,91.5,34,
13:04:35.282,43.737175,7.427876,0.0,0.7,0.0, ,3515871,-1267.00,95.90,321.81,27.00,25.60,0.00,0.00,-0.02,0.0,52,0.5,98.2,91.5,34,
13:04:35.796,43.737175,7.427876,0.0,0.7,0.0, ,3516376,3.00,95.90,321.81,27.00,25.60,0.00,0.00,0.00,0.0,52,0.5,98.2,91.5,34,
13:04:36.495,43.737175,7.427876,0.0,0.7,0.0, ,3517083,2.00,95.90,321.81,27.00,25.60,0.00,0.00,0.00,0.0,52,0.5,98.2,91.5,34,
13:04:37.009,43.737175,7.427876,0.0,0.7,0.0, ,3517588,0.00,95.90,321.81,27.00,25.60,0.00,0.00,0.00,0.0,52,0.5,98.2,91.5,34,
13:04:37.810,43.737175,7.427876,0.0,0.7,0.0, ,3518396,1.00,95.90,321.81,27.00,25.50,0.00,0.00,0.00,0.0,52,0.6,98.2,91.5,34,
13:04:38.326,43.737175,7.427876,0.0,0.7,0.0, ,3518901,0.00,95.90,321.81,27.00,25.50,0.00,0.00,0.00,0.0,53,0.6,98.2,91.5,34,
13:04:38.962,43.737175,7.427876,0.0,0.7,0.0, ,3519508,0.00,95.90,321.81,27.00,25.60,0.00,0.00,0.00,0.0,52,0.6,98.2,91.5,34,
13:04:39.739,43.737175,7.427875,0.0,0.7,0.0, ,3520316,0.00,96.00,321.81,27.00,25.40,0.00,0.00,0.00,0.0,51,0.6,98.2,91.5,34,
13:04:40.246,43.737175,7.427875,0.0,0.7,0.0, ,3520821,0.00,95.90,321.81,27.00,25.40,0.00,0.00,0.00,0.0,52,0.6,98.2,91.5,34,
13:04:40.852,43.737175,7.427875,0.0,0.7,0.0, ,3521428,0.00,95.90,321.81,27.00,25.60,0.00,0.00,0.00,0.0,52,0.6,98.2,91.5,34,
13:04:41.768,43.737175,7.427875,0.0,0.7,0.0, ,3522337,0.00,95.90,321.81,27.00,25.40,0.00,0.00,0.00,0.0,53,0.5,98.3,91.5,34,
13:04:42.370,43.737175,7.427875,0.0,0.7,0.0, ,3522944,0.00,95.90,321.81,27.00,25.40,0.00,0.00,0.00,0.0,51,0.6,98.2,91.5,34,
13:04:42.970,43.737175,7.427875,0.0,0.7,0.0, ,3523550,0.00,95.90,321.81,27.00,25.50,0.00,0.00,0.00,0.0,52,0.6,98.2,91.5,34,
13:04:43.482,43.737175,7.427875,0.0,0.7,0.0, ,3524055,0.00,95.90,321.81,26.90,25.40,0.00,0.00,0.00,0.0,52,0.5,98.2,91.5,34,
13:04:44.292,43.737175,7.427875,0.0,0.7,0.0, ,3524864,0.00,95.90,321.81,26.90,25.30,0.00,0.00,0.00,0.0,52,0.5,98.3,91.5,34,
13:04:44.992,43.737175,7.427875,0.0,0.7,0.0, ,3525571,0.00,95.90,321.81,26.90,25.40,0.00,0.00,0.00,0.0,52,0.5,98.3,91.5,34,
